file_name,description,dataset_type="cmu",root_node_name="hip"
01_01.fbx,"playground - forward jumps, turn around"
01_02.fbx,playground - climb
01_03.fbx,"playground - climb, hang, swing"
01_04.fbx,playground - climb
01_05.fbx,"playground - climb, go under"
01_06.fbx,"playground - climb, sit, dangle legs, descend"
01_07.fbx,"playground - climb, sit, dangle legs, jump down"
01_08.fbx,"playground - climb, sit, dangle legs, rock back, lower self to ground"
01_09.fbx,"playground - climb, hang, hold self up with arms straight, swing, drop, sit, dangle legs, go under"
01_10.fbx,"playground - climb, swing, lean back, drop"
01_11.fbx,"playground - climb, hang, lean over, jump down"
01_12.fbx,"playground - climb, pull up, dangle, sit, lower self to ground"
01_13.fbx,"playground - climb, go under, jump down"
01_14.fbx,"playground - climb, jump down, dangle, legs push off against"
02_01.fbx,walk
02_02.fbx,walk
02_03.fbx,run/jog
02_04.fbx,"jump, balance"
02_05.fbx,punch/strike
02_06.fbx,"bend over, scoop up, rise, lift arm"
02_07.fbx,swordplay
02_08.fbx,swordplay
02_09.fbx,swordplay
02_10.fbx,wash self
03_01.fbx,walk on uneven terrain
03_02.fbx,walk on uneven terrain
03_03.fbx,walk on uneven terrain
03_04.fbx,walk on uneven terrain
05_01.fbx,walk
05_02.fbx,"dance - expressive arms, pirouette"
05_03.fbx,"dance - sideways arabesque, turn step, folding arms"
05_04.fbx,"dance - sideways arabesque, folding arms, bending back"
05_05.fbx,"dance - quasi-cou-de-pied, raised leg above hip-height, jete en tourant"
05_06.fbx,"dance - cartwheel-like start, pirouettes, jete"
05_07.fbx,"dance - small jetes, attitude/arabesque, shifted-axis pirouette, turn"
05_08.fbx,"dance - rond de jambe in the air, jete, turn"
05_09.fbx,"dance - glissade devant, glissade derriere, attitude/arabesque"
05_10.fbx,"dance - glissade devant, glissade derriere, attitude/arabesque"
05_11.fbx,"dance - sideways steps, pirouette"
05_12.fbx,"dance - arms held high, pointe tendue a terre, upper body rotation"
05_13.fbx,"dance - small jetes, pirouette"
05_14.fbx,"dance - retire derriere, attitude/arabesque"
05_15.fbx,"dance - retire derriere, attitude/arabesque"
05_16.fbx,"dance - coupe dessous, jete en tourant"
05_17.fbx,"dance - coupe dessous, grand jete en tourant"
05_18.fbx,"dance - attitude/arabesque, jete en tourant, bending back"
05_19.fbx,"dance - attitude/arabesque, jete en tourant, bending back"
05_20.fbx,"dance - attitude/arabesque, jete en tourant, bending back"
06_01.fbx,walk
06_02.fbx,basketball - forward dribble
06_03.fbx,basketball - forward dribble
06_04.fbx,basketball - forward dribble
06_05.fbx,basketball - forward dribble
06_06.fbx,basketball - backward dribble
06_07.fbx,basketball - backward dribble
06_08.fbx,basketball - sideways dribble
06_09.fbx,basketball - sideways dribble
06_10.fbx,"basketball - forward dribble, 90-degree left turns"
06_11.fbx,"basketball - forward dribble, 90-degree right turns"
06_12.fbx,"basketball - forward dribble, 90-degree right turns, crossover dribble"
06_13.fbx,"basketball - low, fast free style dribble, dribble through legs"
06_14.fbx,"basketball - crossover dribble, shoot"
06_15.fbx,"basketball - dribble, shoot"
07_01.fbx,walk
07_02.fbx,walk
07_03.fbx,walk
07_04.fbx,slow walk
07_05.fbx,slow walk
07_06.fbx,walk
07_07.fbx,walk
07_08.fbx,walk
07_09.fbx,walk
07_10.fbx,walk
07_11.fbx,walk
07_12.fbx,brisk walk
08_01.fbx,walk
08_02.fbx,walk
08_03.fbx,walk
08_04.fbx,slow walk
08_05.fbx,walk/stride
08_06.fbx,walk
08_07.fbx,"walk, exaggerated stride"
08_08.fbx,walk
08_09.fbx,walk
08_10.fbx,walk
08_11.fbx,slow walk/stride
09_01.fbx,run
09_02.fbx,run
09_03.fbx,run
09_04.fbx,run
09_05.fbx,run
09_06.fbx,run
09_07.fbx,run
09_08.fbx,run
09_09.fbx,run
09_10.fbx,run
09_11.fbx,run
09_12.fbx,"navigate - walk forward, backward, sideways"
10_01.fbx,soccer - kick ball
10_02.fbx,soccer - kick ball
10_03.fbx,soccer - kick ball
10_04.fbx,walk
10_05.fbx,soccer - kick ball
10_06.fbx,soccer - kick ball
11_01.fbx,soccer - kick ball
12_01.fbx,walk
12_02.fbx,walk
12_03.fbx,walk
12_04.fbx,tai chi
13_01.fbx,"sit on high stool, stand up"
13_02.fbx,"sit on high stool, stand up"
13_03.fbx,"sit on high stool, stand up"
13_04.fbx,"sit on stepstool, chin in hand"
13_05.fbx,"sit on stepstool, hands against chin, fidget, stand up"
13_06.fbx,"sit on stepstool, hands against chin, elbow out, stand up"
13_07.fbx,"unscrew bottlecap, drink soda"
13_08.fbx,"unscrew bottlecap, drink soda, screw on bottlecap"
13_09.fbx,drink soda
13_10.fbx,"jump up to grab, reach for, tiptoe"
13_11.fbx,forward jump
13_12.fbx,"jump up to grab, reach for, tiptoe"
13_13.fbx,forward jump
13_14.fbx,laugh
13_15.fbx,laugh
13_16.fbx,laugh
13_17.fbx,boxing
13_18.fbx,boxing
13_19.fbx,forward jump
13_20.fbx,wash windows
13_21.fbx,wash windows
13_22.fbx,wash windows
13_23.fbx,sweep floor
13_24.fbx,sweep floor
13_25.fbx,sweep floor
13_26.fbx,"direct traffic, wave"
13_27.fbx,"direct traffic, wave, point"
13_28.fbx,"direct traffic, wave, point"
13_29.fbx,"jumping jacks, side twists, bend over, squats"
13_30.fbx,"jumping jacks, side twists, squats, jog"
13_31.fbx,"jumping jacks, side twists, bend over, jog"
13_32.fbx,forward jump
13_33.fbx,climb ladder
13_34.fbx,climb ladder
13_35.fbx,climb 3 steps
13_36.fbx,climb 3 steps
13_37.fbx,climb 3 steps
13_38.fbx,climb 3 steps
13_39.fbx,jump
13_40.fbx,jump
13_41.fbx,jump
13_42.fbx,jump
14_01.fbx,boxing
14_02.fbx,boxing
14_03.fbx,boxing
14_04.fbx,"drink soda, screw on bottlecap"
14_05.fbx,"unscrew bottlecap, drink soda"
14_06.fbx,"jumping jacks, jog, squats, side twists, stretches"
14_07.fbx,"jump up to grab, reach for, tiptoe"
14_08.fbx,"jump up to grab, reach for, tiptoe"
14_09.fbx,"jump up to grab, reach for, tiptoe"
14_10.fbx,wash windows
14_11.fbx,wash windows
14_12.fbx,wash windows
14_13.fbx,mop floor
14_14.fbx,"jumping jacks, jog, squats, side twists, stretches"
14_15.fbx,mop floor
14_16.fbx,sweep floor
14_17.fbx,laugh
14_18.fbx,laugh
14_19.fbx,laugh
14_20.fbx,"jumping jacks, side twists, reach up, bend over"
14_21.fbx,climb 3 steps
14_22.fbx,climb 3 steps
14_23.fbx,climb 3 steps
14_24.fbx,"direct traffic, wave, point"
14_25.fbx,"direct traffic, wave, point"
14_26.fbx,"direct traffic, wave, point"
14_27.fbx,"sit on high stool, stand up"
14_28.fbx,"sit on high stool, stand up"
14_29.fbx,"sit on stepstool, stand up, swing legs"
14_30.fbx,"sit on stepstool, ankle on other knee, hand on chin"
14_31.fbx,"sit on stepstool, stand up"
14_32.fbx,"sit on stepstool, stand up"
14_33.fbx,climb ladder
14_34.fbx,climb ladder
14_35.fbx,climb ladder
14_36.fbx,"sit on stepstool, stand up"
14_37.fbx,drink soda
102_01.fbx,RightWideTurn
102_02.fbx,LeftWideTurn
102_03.fbx,SuperTightLeft
102_04.fbx,SuperTightRight
102_05.fbx,RunningStraight
102_06.fbx,RunningWideRight
102_07.fbx,RunningWideLeft
102_08.fbx,RunningTighterRight
102_09.fbx,calibration
102_10.fbx,RunningNoBall
102_11.fbx,OffensiveMoveSpinLeft
102_12.fbx,OffensiveMoveSpinLeft
102_13.fbx,OffensiveMoveGoRight
102_14.fbx,OffensiveMoveGoLeft
102_15.fbx,OffensiveMoveSpinRight
102_16.fbx,WalkEvasiveLeft
102_17.fbx,WalkEvasiveRight
102_18.fbx,FeintLeftMoveRight
102_19.fbx,FeintRightMoveLeft
102_20.fbx,FakeShotBreakRight
102_21.fbx,FakeShotBreakLeft
102_22.fbx,DefensiveStraightNoStop
102_23.fbx,DefensiveStraightWithStop
102_24.fbx,DefensiveRightStopToStop
102_25.fbx,DefensiveLeftStopToStop
102_26.fbx,DefensiveMoveZigZag
102_27.fbx,DefensiveMoveSideToSide
102_28.fbx,DefensiveMoveSideToSide
102_29.fbx,Pivoting
102_30.fbx,SraightDriveFromStop
102_31.fbx,RightDrive (left then right)
102_32.fbx,LeftDrive (right then left)
102_33.fbx,RightTightTurn
103_01.fbx,Unknown
103_02.fbx,rangeOfMotion_01
103_03.fbx,charleston_01
103_04.fbx,charleston_side_by_side_female
103_05.fbx,charleston_side_by_side_male
103_06.fbx,lindyHop2
103_07.fbx,Casual Walk
103_08.fbx,xtra fancY charleston
104_01.fbx,JogThrough
104_02.fbx,"neutral Male walk, exact footfalls"
104_03.fbx,"Frankenstein male walk, exact footfalls"
104_04.fbx,JogThrough
104_05.fbx,Unknown
104_06.fbx,StartJog
104_07.fbx,Unknown
104_08.fbx,StartJog
104_09.fbx,JogStop
104_10.fbx,JogStop
104_11.fbx,HappyGoLuckWalk
104_12.fbx,ExcitedWalk
104_13.fbx,StumbleWalk
104_14.fbx,HappyStartWalk
104_15.fbx,Unknown
104_16.fbx,SpasticWalk
104_17.fbx,SpasticStop
104_18.fbx,SpasticStop
104_19.fbx,CasualWalk
104_20.fbx,Unknown
104_21.fbx,Unknown
104_22.fbx,RegularWalk8
104_23.fbx,Unknown
104_24.fbx,Unknown
104_25.fbx,Unknown
104_26.fbx,Unknown
104_27.fbx,RegularWalkRightAngleTurns
104_28.fbx,SternWalk
104_29.fbx,SternWalk
104_30.fbx,SternWalk8
104_31.fbx,Unknown
104_32.fbx,SternWalkRightAngleTurns
104_33.fbx,Unknown
104_34.fbx,Unknown
104_35.fbx,SlowWalk
104_36.fbx,SlowWalk8
104_37.fbx,RunThrough
104_38.fbx,Unknown
104_39.fbx,SlowWalkRightAngleTurns
104_40.fbx,Unknown
104_41.fbx,ZombieWalk
104_42.fbx,ZombieWalk8
104_43.fbx,ZombieWalkRightAngleTurns
104_44.fbx,AttitudeWalk
104_45.fbx,AttitudeWalk8
104_46.fbx,AttitudeWalkRightAngleTurns
104_47.fbx,Unknown
104_48.fbx,RunThrough
104_49.fbx,Unknown
104_50.fbx,Unknown
104_51.fbx,Unknown
104_52.fbx,Unknown
104_53.fbx,StartRun
104_54.fbx,StartRun
104_55.fbx,StartRun
104_56.fbx,RunStop
104_57.fbx,RunStop
105_01.fbx,WalkDigital8
105_02.fbx,WalkStraight
105_03.fbx,Walk8
105_04.fbx,Digital8
105_05.fbx,mummyWalk
105_06.fbx,MotorCyclePose
105_07.fbx,mummy8
105_08.fbx,mummyDigital8
105_09.fbx,DrunkWalk
105_10.fbx,SlowWalk
105_11.fbx,LavishWalk
105_12.fbx,TooCoolWalk
105_13.fbx,SadWalk
105_14.fbx,DepressedWalk
105_15.fbx,ClumsyWalk
105_16.fbx,Limp
105_17.fbx,QuickWalk
105_18.fbx,CarefulWalk LookingAround
105_19.fbx,March
105_20.fbx,ShyWalk
105_21.fbx,acheyWalk
105_22.fbx,CasualQuickWalk
105_23.fbx,CoolWalk
105_24.fbx,HurtLegWalk
105_25.fbx,DragBadLegWalk
105_26.fbx,HurtStomachWalk
105_27.fbx,SlowWalk
105_28.fbx,GhettoWalk
105_29.fbx,NormalWalk
105_30.fbx,SexyWalk
105_31.fbx,NormalWalk
105_32.fbx,ScaredWalk
105_33.fbx,MachoWalk
105_34.fbx,NormalWalk
105_35.fbx,TrafficWalk
105_36.fbx,WalkStraight
105_37.fbx,Forward
105_38.fbx,SmallForward
105_39.fbx,JumpForward
105_40.fbx,JumpForward
105_41.fbx,JumpForward
105_42.fbx,JumpForward
105_43.fbx,JumpSmallForward
105_44.fbx,JumpSmallForward
105_45.fbx,JumpForward
105_46.fbx,Jump Turn
105_47.fbx,Jump Turn
105_48.fbx,JumpTurn
105_49.fbx,Jump Turn
105_50.fbx,JumpTurn
105_51.fbx,FurtherJumpTurn
105_52.fbx,SmallJumpTurn
105_53.fbx,180
105_54.fbx,180
105_55.fbx,180
105_56.fbx,90
105_57.fbx,WalkForward
105_58.fbx,270
105_59.fbx,360 smallStumble
105_60.fbx,360
105_61.fbx,360
105_62.fbx,walkFigure8
106_01.fbx,clean
106_02.fbx,clean
106_03.fbx,clean
106_04.fbx,clean
106_05.fbx,clean
106_06.fbx,clean
106_07.fbx,clean
106_08.fbx,clean
106_09.fbx,clean
106_10.fbx,clean
106_11.fbx,clean
106_12.fbx,clean
106_13.fbx,clean
106_14.fbx,clean
106_15.fbx,106_15.amc
106_16.fbx,clean
106_17.fbx,clean
106_18.fbx,clean
106_19.fbx,clean
106_20.fbx,clean
106_21.fbx,bad AMC
106_22.fbx,clean
106_23.fbx,clean
106_24.fbx,clean
106_25.fbx,clean
106_26.fbx,clean
106_27.fbx,clean
106_28.fbx,clean
106_29.fbx,clean
106_30.fbx,clean
106_31.fbx,clean
106_32.fbx,clean
106_33.fbx,clean
106_34.fbx,clean
107_01.fbx,Unknown
107_02.fbx,Unknown
107_03.fbx,Unknown
107_04.fbx,Unknown
107_05.fbx,Unknown
107_06.fbx,Unknown
107_07.fbx,Unknown
107_08.fbx,Unknown
107_09.fbx,Unknown
107_10.fbx,Unknown
107_11.fbx,Unknown
107_12.fbx,Unknown
107_13.fbx,Unknown
107_14.fbx,Unknown
108_01.fbx,Unknown
108_02.fbx,Unknown
108_03.fbx,Unknown
108_04.fbx,Unknown
108_05.fbx,Unknown
108_06.fbx,Unknown
108_07.fbx,Unknown
108_08.fbx,Unknown
108_09.fbx,Unknown
108_10.fbx,Unknown
108_11.fbx,Unknown
108_12.fbx,Unknown
108_13.fbx,Unknown
108_14.fbx,Unknown
108_15.fbx,Unknown
108_16.fbx,Unknown
108_17.fbx,Unknown
108_18.fbx,Unknown
108_19.fbx,Unknown
108_20.fbx,Unknown
108_21.fbx,Unknown
108_22.fbx,Unknown
108_23.fbx,Unknown
108_24.fbx,Unknown
108_25.fbx,Unknown
108_26.fbx,Unknown
108_27.fbx,Unknown
108_28.fbx,Unknown
111_01.fbx,Walk backwards
111_02.fbx,Bow
111_03.fbx,Crawling
111_04.fbx,Curtsey
111_05.fbx,Dance
111_06.fbx,Get up from floor
111_07.fbx,Get up from floor
111_08.fbx,Get up from floor
111_09.fbx,Get up from chair
111_10.fbx,get up from chair
111_11.fbx,get up from chair
111_12.fbx,Lay down
111_13.fbx,March
111_14.fbx,Mope
111_15.fbx,Motorcycle
111_16.fbx,Peekaboo
111_17.fbx,Pick up
111_18.fbx,Pick up
111_19.fbx,Punch Kick
111_20.fbx,Ring around the rosie
111_21.fbx,Roll over
111_22.fbx,Range of motion
111_23.fbx,Run
111_24.fbx,Run
111_25.fbx,Shrug
111_26.fbx,Walk sideways
111_27.fbx,Walking up stairs
111_28.fbx,Standing still
111_29.fbx,Stepping over
111_30.fbx,Stepping over
111_31.fbx,Stepping up / stepping down
111_32.fbx,Stretch and yawn
111_33.fbx,Throwing
111_34.fbx,Walk
111_35.fbx,Walk
111_36.fbx,Walk and carry
111_37.fbx,Wave
111_38.fbx,Yoga
111_39.fbx,Yoga
111_40.fbx,Yoga
111_41.fbx,Yoga
113_01.fbx,Walk backwards
113_02.fbx,Bow
113_03.fbx,Curtsey
113_04.fbx,Dance
113_05.fbx,Walk digital 8
113_06.fbx,Walk figure 8
113_07.fbx,Run
113_08.fbx,Lay down and get up
113_09.fbx,March
113_10.fbx,"Walk, mope around"
113_11.fbx,Motorcycle
113_12.fbx,Peekaboo
113_13.fbx,Punch and kick
113_14.fbx,Ring around the rosie
113_15.fbx,Sit in chair and get up
113_16.fbx,Shrug
113_17.fbx,Walk sideway
113_18.fbx,Walk sideways
113_19.fbx,Walking up and down stairs
113_20.fbx,Walk up and down stairs
113_21.fbx,Standing Still
113_22.fbx,Step over
113_23.fbx,Stretch and yawn
113_24.fbx,Throw
113_25.fbx,Walk
113_26.fbx,Walk and carry
113_27.fbx,Wave
113_28.fbx,Yoga
113_29.fbx,Yoga
114_01.fbx,Motorcycle
114_02.fbx,Getting up from laying down
114_03.fbx,Range of motion
114_04.fbx,Getting up from chair
114_05.fbx,Sitting in chair
114_06.fbx,Getting up from chair
114_07.fbx,Walking up and down stairs
114_08.fbx,Walking up and down stairs
114_09.fbx,Walking up and down stairs
114_10.fbx,Stretching
114_11.fbx,Laying down and getting up
114_12.fbx,Stretching
114_13.fbx,Walk
114_14.fbx,Walk
114_15.fbx,Walk
114_16.fbx,Sit down and stretch
115_01.fbx,"Pick up box, bend from waist"
115_02.fbx,"Pick box up, bend from waist"
115_03.fbx,"Pick box up, bend from waist"
115_04.fbx,"Pick box up, bend from waist"
115_05.fbx,"Pick box up, bend from waist"
115_06.fbx,"Picking box up, bending knees"
115_07.fbx,"Picking box up, bending knees"
115_08.fbx,"Picking box up, bending knees"
115_09.fbx,"Picking box up, bending knees"
115_10.fbx,"Pick box up, bend from waist"
117_01.fbx,Unknown
117_02.fbx,Unknown
117_03.fbx,Unknown
117_04.fbx,Unknown
117_05.fbx,Unknown
117_06.fbx,Unknown
117_07.fbx,Unknown
117_08.fbx,Unknown
117_09.fbx,Unknown
117_10.fbx,Unknown
117_11.fbx,Unknown
117_12.fbx,Unknown
117_13.fbx,Unknown
117_14.fbx,Unknown
117_15.fbx,Unknown
118_01.fbx,Jump
118_02.fbx,Jump
118_03.fbx,Jump
118_04.fbx,Jump
118_05.fbx,Jump
118_06.fbx,Jump
118_07.fbx,Jump
118_08.fbx,Jump
118_09.fbx,Jump
118_10.fbx,Jump
118_11.fbx,Jump
118_12.fbx,Jump
118_13.fbx,Jump
118_14.fbx,Jump
118_15.fbx,Jump
118_16.fbx,Jump
118_17.fbx,Jump
118_18.fbx,Jump
118_19.fbx,Jump
118_20.fbx,Jump
118_21.fbx,Jump
118_22.fbx,Jump
118_23.fbx,Jump
118_24.fbx,Jump
118_25.fbx,Jump
118_26.fbx,Jump
118_27.fbx,Jump
118_28.fbx,Jump
118_29.fbx,Jump
118_30.fbx,Jump
118_31.fbx,Motorcycle
118_32.fbx,Range of motion
120_01.fbx,Alien Turn
120_02.fbx,Gorilla
120_03.fbx,Mickey cast spell
120_04.fbx,Mickey Conducting
120_05.fbx,Mickey Dance
120_06.fbx,Mickey Dance
120_07.fbx,Mickey Dance
120_08.fbx,Mickey sneaky walk
120_09.fbx,Mickey sneaking walk
120_10.fbx,Mickey sneaking walk
120_11.fbx,Mickey sneaking walk
120_12.fbx,Mickey sneaking walk
120_13.fbx,Mickey sneaking walk
120_14.fbx,Mickey sneaking walk
120_15.fbx,Mickey Surprised
120_16.fbx,Mickey Surprised
120_17.fbx,Mickey Walk
120_18.fbx,Mickey Walk
120_19.fbx,Walk slow
120_20.fbx,Walk
120_21.fbx,Robot
120_22.fbx,Zombie
121_01.fbx,Unknown
121_02.fbx,Unknown
121_03.fbx,Unknown
121_04.fbx,Unknown
121_05.fbx,Unknown
121_06.fbx,Unknown
121_07.fbx,Unknown
121_08.fbx,Unknown
121_09.fbx,Unknown
121_10.fbx,Unknown
121_11.fbx,Unknown
121_12.fbx,Unknown
121_13.fbx,Unknown
121_14.fbx,Unknown
121_15.fbx,Unknown
121_16.fbx,Unknown
121_17.fbx,Unknown
121_18.fbx,Unknown
121_19.fbx,Unknown
121_20.fbx,Unknown
121_21.fbx,Unknown
121_22.fbx,Unknown
121_23.fbx,Unknown
121_24.fbx,Unknown
121_25.fbx,Unknown
121_26.fbx,Unknown
121_27.fbx,Unknown
121_28.fbx,Unknown
121_29.fbx,Unknown
121_30.fbx,Unknown
121_31.fbx,Unknown
121_32.fbx,Unknown
121_33.fbx,Unknown
121_34.fbx,Unknown
121_35.fbx,Unknown
121_36.fbx,Unknown
122_01.fbx,clean
122_02.fbx,clean
122_03.fbx,clean
122_04.fbx,clean
122_05.fbx,clean
122_06.fbx,clean
122_07.fbx,clean
122_08.fbx,clean
122_09.fbx,clean
122_10.fbx,clean
122_11.fbx,Unknown
122_12.fbx,clean
122_13.fbx,clean
122_14.fbx,clean
122_15.fbx,clean
122_16.fbx,clean
122_17.fbx,clean
122_18.fbx,clean
122_19.fbx,clean
122_20.fbx,clean
122_21.fbx,clean
122_22.fbx,clean
122_23.fbx,clean
122_24.fbx,clean
122_25.fbx,clean
122_26.fbx,clean
122_27.fbx,clean
122_28.fbx,clean
122_29.fbx,clean
122_30.fbx,clean
122_31.fbx,clean
122_32.fbx,clean
122_33.fbx,clean
122_34.fbx,clean
122_35.fbx,clean
122_36.fbx,clean
122_37.fbx,clean
122_38.fbx,clean
122_39.fbx,clean
122_40.fbx,clean
122_41.fbx,clean
122_42.fbx,clean
122_43.fbx,clean
122_44.fbx,clean
122_45.fbx,clean
122_46.fbx,clean
122_47.fbx,clean
122_48.fbx,clean
122_49.fbx,clean
122_50.fbx,clean
122_51.fbx,clean
122_52.fbx,clean
122_53.fbx,clean
122_54.fbx,clean
122_55.fbx,clean
122_56.fbx,clean
122_57.fbx,clean
122_58.fbx,cleaned
122_59.fbx,clean
122_60.fbx,clean
122_61.fbx,clean
122_62.fbx,clean
122_63.fbx,clean
122_64.fbx,clean
122_65.fbx,clean
122_66.fbx,clean
122_67.fbx,clean
122_68.fbx,clean
123_01.fbx,15.5 lbs
123_02.fbx,15.5 lbs
123_03.fbx,19.5lb
123_04.fbx,19.5 lbs
123_05.fbx,19.5 lbs
123_06.fbx,19.5 lbs
123_07.fbx,12.5lb
123_08.fbx,12.5 lbs
123_09.fbx,12.5 lbs
123_10.fbx,12.5lb
123_11.fbx,15.5 lbs
123_12.fbx,15.5 lbs
123_13.fbx,15.5 lbs
124_01.fbx,Baseball Pitch
124_02.fbx,Baseball Pitch
124_03.fbx,Basketball Shoot
124_04.fbx,Basketball Free Throw
124_05.fbx,Basketball Jump Shot
124_06.fbx,Basketball Lay Up
124_07.fbx,Baseball Swing
124_08.fbx,Baseball Bunt
124_09.fbx,Frisbee
124_10.fbx,Motorcycle
124_11.fbx,2 Foot Jump
124_12.fbx,Underhand Toss
124_13.fbx,Underhand Fast Pitch
125_01.fbx,Breast Stroke
125_02.fbx,Breast Stroke
125_03.fbx,Break Stroke
125_04.fbx,Breast Stroke
125_05.fbx,Butterfly
125_06.fbx,Free Style
125_07.fbx,Motorcycle
126_01.fbx,Back Stroke
126_02.fbx,Back Stroke
126_03.fbx,Breast Stroke
126_04.fbx,Breast Stroke
126_05.fbx,Breast Stroke
126_06.fbx,Fly Stroke
126_07.fbx,Fly Stroke
126_08.fbx,Fly Stroke
126_09.fbx,Fly Stroke
126_10.fbx,Free Style
126_11.fbx,Free Style
126_12.fbx,Free Style
126_13.fbx,Motorcycle
126_14.fbx,Range of Motion
127_01.fbx,Motorcycle
127_02.fbx,Range of Motion
127_03.fbx,Run
127_04.fbx,Walk to Run
127_05.fbx,Run to Quick Stop
127_06.fbx,Run
127_07.fbx,Run
127_08.fbx,Run
127_09.fbx,Run Right
127_10.fbx,Run Right
127_11.fbx,Run Left
127_12.fbx,Run Left
127_13.fbx,Run Side Step Left
127_14.fbx,Run Side Step Right
127_15.fbx,Run Turn Left
127_16.fbx,Run Turn Right
127_17.fbx,Run Stop Run
127_18.fbx,Run Stop Run
127_19.fbx,Run Quick Stop Run
127_20.fbx,Run Quick Stop Run
127_21.fbx,Run Jump Stop Run
127_22.fbx,Run Jump Stop Run
127_23.fbx,Run Dive Over Roll Run
127_24.fbx,Run Dive Over Roll Run
127_25.fbx,Run Jump Over
127_26.fbx,Run Jump Over
127_27.fbx,Run Jump Over
127_28.fbx,Run Jump Over
127_29.fbx,Run Duck Underneath
127_30.fbx,Run Duck Underneath
127_31.fbx,Run Duck Underneath
127_32.fbx,Run Duck Underneath
127_33.fbx,Run Over
127_34.fbx,Run Over
127_35.fbx,Run Over
127_36.fbx,Run Over
127_37.fbx,Run Duck Underneath
127_38.fbx,Run Duck Underneath
128_01.fbx,Motorcycle
128_02.fbx,Run Left
128_03.fbx,Run Right
128_04.fbx,Run Duck Underneath
128_05.fbx,Run Stop Run
128_06.fbx,Run Stop Run
128_07.fbx,Run Stop Run
128_08.fbx,Run Stop Run
128_09.fbx,Run Roll Underneath
128_10.fbx,Run Dive Over Roll Run
128_11.fbx,Run Dive Over Roll Run
131_01.fbx,Start Walk Stop
131_02.fbx,Start Walk Stop
131_03.fbx,Start Hop Stop
131_04.fbx,Start Hop Stop
131_05.fbx,Start Duck Underneath Stop
131_06.fbx,Start Duck Underneath Stop
131_07.fbx,Jump Stop
131_08.fbx,Jump Stop
131_09.fbx,Start Walk Left
131_10.fbx,Start Walk Left
131_11.fbx,Start Walk Left
131_12.fbx,Start Walk Right
131_13.fbx,Start Walk Right
131_14.fbx,Start Walk Right
132_01.fbx,"Walk With Arms Out,  balancing"
132_02.fbx,"Walk With Arms Out,  balancing"
132_03.fbx,"Walk With Arms Out,  balancing"
132_04.fbx,"Walk With Arms Out,  balancing"
132_05.fbx,"Walk With Arms Out,  balancing"
132_06.fbx,"Walk With Arms Out,  balancing"
132_07.fbx,"Walk With Arms Out,  balancing"
132_08.fbx,"Walk With Arms Out,  balancing"
132_09.fbx,"Walk With Arms Out,  balancing"
132_10.fbx,"Walk With Arms Out,  balancing"
132_11.fbx,"Walk With Arms Out,  balancing"
132_12.fbx,"Walk With Arms Out,  balancing"
132_13.fbx,Walk Backwards
132_14.fbx,Walk Duck Footed
132_15.fbx,Walk With Knees Bent
132_16.fbx,Walk Crossover
132_17.fbx,Walk Fast
132_18.fbx,Walk Fast
132_19.fbx,Walk Fast
132_20.fbx,Walk Fast
132_21.fbx,Walk Fast
132_22.fbx,Walk Fast
132_23.fbx,Hop on left foot
132_24.fbx,Hop on left foot
132_25.fbx,Hop on left foot
132_26.fbx,Hop on left foot
132_27.fbx,Hop on left foot
132_28.fbx,Hop on left foot
132_29.fbx,Bouncy Walk
132_30.fbx,Bouncy Walk
132_31.fbx,Bouncy Walk
132_32.fbx,Bouncy Walk
132_33.fbx,Bouncy Walk
132_34.fbx,Bouncy Walk
132_35.fbx,Walk Leaning To The Right
132_36.fbx,Walk Leaning To The Right
132_37.fbx,Marching
132_38.fbx,Motorcycle
132_39.fbx,Pigeon Toed Walking
132_40.fbx,Walk With Stiff Arms
132_41.fbx,Walk With Stiff Arms
132_42.fbx,Walk Swinging Shoulders
132_43.fbx,Walk Swinging Shoulders
132_44.fbx,Walk Swinging Shoulders
132_45.fbx,Walk Slow
132_46.fbx,Walk Slow
132_47.fbx,Walk Slow
132_48.fbx,Walk Slow
132_49.fbx,Walk Slow
132_50.fbx,Walk Slow
132_51.fbx,Tpose
132_52.fbx,Range of Motion
132_53.fbx,Walk With Legs Apart
132_54.fbx,Walk With Wild Arms
132_55.fbx,Walk With Wild Legs
132_56.fbx,Walk With Wild Legs
133_01.fbx,Walk Crawl
133_02.fbx,Walk Crawl
133_03.fbx,Walk Jump
133_04.fbx,Walk Jump
133_05.fbx,Walk Jump
133_06.fbx,Walk Jump
133_07.fbx,Walk Jump
133_08.fbx,Stretch Walk
133_09.fbx,Stretch Walk
133_10.fbx,Stretch Walk
133_11.fbx,Walk Stop Walk
133_12.fbx,Walk Stop Walk
133_13.fbx,Walk Stop Walk
133_14.fbx,Walk Left
133_15.fbx,Walk Left
133_16.fbx,Walk Left
133_17.fbx,Walk Right
133_18.fbx,Walk Right
133_19.fbx,Walk Right
133_20.fbx,Walk Right
133_21.fbx,Walk
133_22.fbx,Walk
133_23.fbx,Walk
133_24.fbx,Walk ZigZag
133_25.fbx,Motorcycle
133_26.fbx,Range of Motion
134_01.fbx,Duck Under
134_02.fbx,Go Forward
134_03.fbx,Lean Turn Right
134_04.fbx,Motorcycle
134_05.fbx,Pump Jump
134_06.fbx,Push Turn Left
134_07.fbx,Push Turn Left
134_08.fbx,Push Turn Right
134_09.fbx,Push Turn Right
134_10.fbx,Start
134_11.fbx,Start
134_12.fbx,Stop and Go
134_13.fbx,Stop and Go
134_14.fbx,Stop ang Go
134_15.fbx,Lean Turn Left
135_01.fbx,Bassai
135_02.fbx,Empi
135_03.fbx,Empi
135_04.fbx,Front Kick
135_05.fbx,Gedanbarai
135_06.fbx,Heiansyodan
135_07.fbx,Mawashigeri
135_08.fbx,Motorcycle
135_09.fbx,Oiduki
135_10.fbx,Syutouuke
135_11.fbx,Yokogeri
136_01.fbx,Walk Bent Forward
136_02.fbx,Walk Bent Forward
136_03.fbx,Walk Backwards Bent Forward
136_04.fbx,Walk Backwards Bent Forward
136_05.fbx,Walk on Toes Bent Forward
136_06.fbx,Walk on Toes Bent Forward
136_07.fbx,Walk Backward on Toes Bent Forward
136_08.fbx,Walk Backward on Toes Bent Forward
136_09.fbx,Walk Crouched
136_10.fbx,Walk Crouched
136_11.fbx,Walk Backwards Crouched
136_12.fbx,Walk Backwards Crouched
136_13.fbx,Walk on Toes Crouched
136_14.fbx,Walk on Toes Crouched
136_15.fbx,Walk Backwards on Toes Crouched
136_16.fbx,Walk Backwards on Toes Crouched
136_17.fbx,"Flamingo, lift legs high"
136_18.fbx,"Flamingo, lift legs high"
136_19.fbx,Motorcycle
136_20.fbx,Normal Walk
136_21.fbx,Normal Walk
136_22.fbx,Normal Walk
136_23.fbx,Normal Walk
136_24.fbx,Normal Walk
136_25.fbx,Normal Walk Backwards
136_26.fbx,Normal Walk Backwards
136_27.fbx,Walk on Toes
136_28.fbx,Walk on Toes
136_29.fbx,Walk Backwards on Toes
136_30.fbx,Walk Backwards on Toes
136_31.fbx,"Quail, quick little steps"
136_32.fbx,"Quail, quick little steps"
136_33.fbx,Range of Motion
137_01.fbx,Cat Coffee Mug
137_02.fbx,Cat Pick Up
137_03.fbx,Cat Wait
137_04.fbx,Cat Walk
137_05.fbx,Chicken Coffee Mug
137_06.fbx,Chicken Pick Up
137_07.fbx,Chicken Wait
137_08.fbx,Chicken Walk
137_09.fbx,Dinosaur Coffee Mug
137_10.fbx,Dinosaur Pick Up
137_11.fbx,Dinosaur Wait
137_12.fbx,Dinosaur Walk
137_13.fbx,Drunk Coffee Mug
137_14.fbx,Drunk Pick Up
137_15.fbx,Drunk Wait
137_16.fbx,Drunk Walk
137_17.fbx,Gangly Teen Coffee Mug
137_18.fbx,Gangly Teen Pick Up
137_19.fbx,Gangly Teen Wait
137_20.fbx,Gangly Teen Walk
137_21.fbx,Graceful Lady Coffee Mug
137_22.fbx,Graceful Lady Pick Up
137_23.fbx,Graceful Lady Wait
137_24.fbx,Graceful Lady Walk
137_25.fbx,Motorcycle
137_26.fbx,Normal Coffee Mug
137_27.fbx,Normal Pick Up
137_28.fbx,Normal Wait
137_29.fbx,Normal Walk
137_30.fbx,Old Man Coffee Mug
137_31.fbx,Old Man Pick Up
137_32.fbx,Old Man Wait
137_33.fbx,Old Man Walk
137_34.fbx,Range of Motion
137_35.fbx,Sexy Lady Coffee Mug
137_36.fbx,Sexy Lady Pick Up
137_37.fbx,Sexy Lady Wait
137_38.fbx,Sexy Lady Walk
137_39.fbx,Strong Man Coffee Mug
137_40.fbx,Strong Man Pick Up
137_41.fbx,Strong Man Wait
137_42.fbx,Strong Man Walk
138_01.fbx,Marching
138_02.fbx,Marching
138_03.fbx,Marching
138_04.fbx,Marching
138_05.fbx,Marching
138_06.fbx,Marching
138_07.fbx,Marching
138_08.fbx,Marching
138_09.fbx,Marching
138_10.fbx,Marching
138_11.fbx,Story
138_12.fbx,Story
138_13.fbx,Story
138_14.fbx,Story
138_15.fbx,Story
138_16.fbx,Story
138_17.fbx,Story
138_18.fbx,Story
138_19.fbx,Story
138_20.fbx,Story
138_21.fbx,Story
138_22.fbx,Story
138_23.fbx,Story
138_24.fbx,Story
138_25.fbx,Story
138_26.fbx,Story
138_27.fbx,Story
138_28.fbx,Story
138_29.fbx,Story
138_30.fbx,Story
138_31.fbx,Story
138_32.fbx,Story
138_33.fbx,Story
138_34.fbx,Story
138_35.fbx,Story
138_36.fbx,Story
138_37.fbx,Story
138_38.fbx,Story
138_39.fbx,Story
138_40.fbx,Story
138_41.fbx,Story
138_42.fbx,Story
138_43.fbx,Story
138_44.fbx,Story
138_45.fbx,Story
138_46.fbx,Story
138_47.fbx,Story
138_48.fbx,Story
138_49.fbx,Story
138_50.fbx,Story
138_51.fbx,Story
138_52.fbx,Story
138_53.fbx,Story
138_54.fbx,Story
138_55.fbx,Story
139_01.fbx,Looking Around
139_02.fbx,Shifting Weight
139_03.fbx,Looking Around
139_04.fbx,Looking Around
139_05.fbx,Pulling a Gun
139_06.fbx,Poking Around On The Ground
139_07.fbx,Poking Around On The Ground
139_08.fbx,Poking Around On The Ground
139_09.fbx,Ducking
139_10.fbx,Run
139_11.fbx,Run To Sneak
139_12.fbx,Run in Circles
139_13.fbx,Run in Circles
139_14.fbx,Sneak Sideways
139_15.fbx,Sneak Sideways
139_16.fbx,Get Up From Ground
139_17.fbx,Get Up From Ground
139_18.fbx,Get Up From Ground Laying on Back
139_19.fbx,Walk Wounded Leg
139_20.fbx,Walk Wounded Leg
139_21.fbx,Range Of Motion
139_22.fbx,Walk Wounded Leg
139_23.fbx,Walk Wounded Leg
139_24.fbx,Walk Wounded Leg
139_25.fbx,Giving Directions
139_26.fbx,Looking Around
139_27.fbx,Looking Around
139_28.fbx,Walking
139_29.fbx,Sneaking
139_30.fbx,Walking
139_31.fbx,Sneaking
139_32.fbx,Sneaking
139_33.fbx,Sneaking
139_34.fbx,Sneaking
140_01.fbx,Get Up Face Down
140_02.fbx,Get Up Face Down
140_03.fbx,Get Up Laying on Side
140_04.fbx,Get Up Laying on Side
140_05.fbx,Motorcycle
140_06.fbx,Idle
140_07.fbx,Idle
140_08.fbx,Get Up From Ground Laying on Back
140_09.fbx,Get Up From Ground Laying on Back
141_01.fbx,Run
141_02.fbx,Run
141_03.fbx,Run
141_04.fbx,Jump Distances
141_05.fbx,Jump Sideways
141_06.fbx,Jump Twist
141_07.fbx,Walk Up and Over
141_08.fbx,Steop On Walk Down
141_09.fbx,Step Over
141_10.fbx,Toss and Catch
141_11.fbx,Throw and Catch
141_12.fbx,"Dance, Twist"
141_13.fbx,Stretch and Yawn
141_14.fbx,Punch and Kick
141_15.fbx,Range of Motion
141_16.fbx,Wave Hello
141_17.fbx,Sit on Stool
141_18.fbx,Peek a Boo
141_19.fbx,Walk
141_20.fbx,Waiting
141_21.fbx,Shrug
141_22.fbx,High Five
141_23.fbx,Shake Hands
141_24.fbx,Around the world High Five Low
141_25.fbx,Walk
141_26.fbx,Curtsey
141_27.fbx,Mope
141_28.fbx,"Slap Hands, Throw it Back"
141_29.fbx,Random Walk
141_30.fbx,Random Walk
141_31.fbx,Walk Backwards
141_32.fbx,"Walk Sideways, Cross Legs"
141_33.fbx,"Walk Sideways, Foot to Foot"
141_34.fbx,Run
142_01.fbx,Childish
142_02.fbx,Clumsy
142_03.fbx,Clumsy
142_04.fbx,Cool
142_05.fbx,Depressed
142_06.fbx,Elated
142_07.fbx,Elderlyman
142_08.fbx,Happy
142_09.fbx,Joy
142_10.fbx,Lavish
142_11.fbx,Marching
142_12.fbx,Painfulleftknee
142_13.fbx,Relaxed
142_14.fbx,Rushed
142_15.fbx,Sad
142_16.fbx,Scared
142_17.fbx,Scared
142_18.fbx,Sexy
142_19.fbx,Shy
142_20.fbx,Singing in the rain jump
142_21.fbx,Singing in the rain jump
142_22.fbx,Sneaky
143_01.fbx,Run
143_02.fbx,Run to Stop
143_03.fbx,Start to Run
143_04.fbx,Run Figure 8
143_05.fbx,Jumping Distances
143_06.fbx,Jumping Heights
143_07.fbx,Jumping Sideways
143_08.fbx,Jumping Twists
143_09.fbx,Jumping Twists
143_10.fbx,Walk And Pick up Tool Box
143_11.fbx,Walk And Pick up Box
143_12.fbx,Walk And Pick up Toolbox
143_13.fbx,Walk and Pick up Laundry Basket
143_14.fbx,Walk And Step Over
143_15.fbx,Walk And Step Over
143_16.fbx,Walk And Step Over
143_17.fbx,Walk Up Stairs And Over
143_18.fbx,Sit Down And Get Up
143_19.fbx,Sit On Stool And Get Up
143_20.fbx,Catch And Throw
143_21.fbx,Range Of Motion
143_22.fbx,Catch And Throw Football
143_23.fbx,Punching
143_24.fbx,Kicking
143_25.fbx,Waving
143_26.fbx,Washing Window
143_27.fbx,Washing Window
143_28.fbx,"Sweeping, Push Broom"
143_29.fbx,Pacing
143_30.fbx,Stretch And Yawn
143_31.fbx,Hopscotch
143_32.fbx,Walk
143_33.fbx,Peek A Boo
143_34.fbx,Chicken Dance
143_35.fbx,Macarena Dance
143_36.fbx,Airplane
143_37.fbx,Climb Up And Down Ladder
143_38.fbx,Walk Digital 8
143_39.fbx,Walk Backwards
143_40.fbx,Walk Sideways
143_41.fbx,Sneak
143_42.fbx,Run
144_01.fbx,Cartwheels
144_02.fbx,Cartwheels001
144_03.fbx,Figure8s
144_04.fbx,Figure8s001
144_05.fbx,Front_Kicking
144_06.fbx,Front_Kicking001
144_07.fbx,Left_Blocks
144_08.fbx,Left_Blocks001
144_09.fbx,Left_Front_Kicking
144_10.fbx,Left_Front_Kicking001
144_11.fbx,Left_Lunges
144_12.fbx,Left_Lunges001
144_13.fbx,Left_Punch_Sequence001
144_14.fbx,Left_Punch_Sequence002
144_15.fbx,Left_Spin_reach001
144_16.fbx,Left_Spin_reach002
144_17.fbx,Lunges
144_18.fbx,Lunges001
144_19.fbx,motorcycle pose
144_20.fbx,Punch_Sequence
144_21.fbx,Punch_Sequence001
144_22.fbx,Reach_Left001
144_23.fbx,Reach_Left002
144_24.fbx,Reach_Right
144_25.fbx,Reach_Right001
144_26.fbx,Right_Blocks
144_27.fbx,Right_Blocks001
144_28.fbx,Right_Spin_reach
144_29.fbx,Right_Spin_reach001
144_30.fbx,Sun Salutation
144_31.fbx,Sun Salutation001
144_32.fbx,Sun Salutation002
144_33.fbx,Walking
144_34.fbx,Walking001
15_01.fbx,walk/wander
15_02.fbx,"climb, step over, sit on, stand on stepstool"
15_03.fbx,walk/wander
15_04.fbx,"wash windows, paint; hand signals; dance - Egyptian walk, the Dive, the Twist, the Cabbage Patch; boxing"
15_05.fbx,"wash windows, paint; hand signals; dance - Egyptian walk, the Dive, the Twist, the Cabbage Patch; boxing"
15_06.fbx,"lean forward, reach for"
15_07.fbx,"lean forward, tiptoe, reach for"
15_08.fbx,hand signals - horizontally revolve forearms
15_09.fbx,walk/wander
15_10.fbx,"sit on high stool, stand up"
15_11.fbx,"wash windows, paint figure eights; hand signals"
15_12.fbx,"wash windows; basketball - dribble, lay-up shot, pass; throw ball; dance - Egyptian walk, the Dive, the Twist; strew"
15_13.fbx,boxing
15_14.fbx,walk/wander
16_01.fbx,jump
16_02.fbx,jump
16_03.fbx,high jump
16_04.fbx,high jump
16_05.fbx,forward jump
16_06.fbx,forward jump
16_07.fbx,forward jump
16_08.fbx,"run/jog, sudden stop"
16_09.fbx,forward jump
16_10.fbx,forward jump
16_11.fbx,"walk, veer left"
16_12.fbx,"walk, veer left"
16_13.fbx,"walk, veer right"
16_14.fbx,"walk, veer right"
16_15.fbx,walk
16_16.fbx,walk
16_17.fbx,"walk, 90-degree left turn"
16_18.fbx,"walk, 90-degree left turn"
16_19.fbx,"walk, 90-degree right turn"
16_20.fbx,"walk, 90-degree right turn"
16_21.fbx,walk
16_22.fbx,walk
16_23.fbx,"walk, veer left"
16_24.fbx,"walk, veer left"
16_25.fbx,"walk, veer right"
16_26.fbx,"walk, veer right"
16_27.fbx,"walk, 90-degree left turn"
16_28.fbx,"walk, 90-degree left turn"
16_29.fbx,"walk, 90-degree right turn"
16_30.fbx,"walk, 90-degree right turn"
16_31.fbx,walk
16_32.fbx,walk
16_33.fbx,"slow walk, stop"
16_34.fbx,"slow walk, stop"
16_35.fbx,run/jog
16_36.fbx,run/jog
16_37.fbx,"run/jog, veer left"
16_38.fbx,"run/jog, veer left"
16_39.fbx,"run/jog, veer right"
16_40.fbx,"run/jog, veer right"
16_41.fbx,"run/jog, 90-degree left turn"
16_42.fbx,"run/jog, 90-degree left turn"
16_43.fbx,"run/jog, 90-degree right turn"
16_44.fbx,"run/jog, 90-degree right turn"
16_45.fbx,run/jog
16_46.fbx,run/jog
16_47.fbx,walk
16_48.fbx,"run, veer left"
16_49.fbx,"run, veer right"
16_50.fbx,"run, veer right"
16_51.fbx,"run, 90-degree left turn"
16_52.fbx,"run, 90-degree left turn"
16_53.fbx,"run, 90-degree right turn"
16_54.fbx,"run, 90-degree right turn"
16_55.fbx,run
16_56.fbx,run/jog
16_57.fbx,"run/jog, sudden stop"
16_58.fbx,walk
17_01.fbx,"walk with anger, frustration"
17_02.fbx,"walk with anger, frustration"
17_03.fbx,walk stealthily
17_04.fbx,walk stealthily
17_05.fbx,walk/hobble
17_06.fbx,"whistle, walk jauntily"
17_07.fbx,"whistle, walk jauntily"
17_08.fbx,"muscular, heavyset person's walk"
17_09.fbx,"muscular, heavyset person's walk"
17_10.fbx,boxing
18_01.fbx,"walk, shake hands (2 subjects - subject A)"
18_02.fbx,"walk, shake hands (2 subjects - subject A)"
18_03.fbx,A pulls B; B resists (2 subjects - subject A)
18_04.fbx,A pulls B; B resists (2 subjects - subject A)
18_05.fbx,A pulls B by the elbow; B resists (2 subjects - subject A)
18_06.fbx,A pulls B by the elbow; B resists (2 subjects - subject A)
18_07.fbx,"navigate busy sidewalk; A leads the way, takes B by the arm (2 subjects - subject A)"
18_08.fbx,conversation - explain with hand gestures (2 subjects - subject A)
18_09.fbx,"conversation - explain with hand gestures, walk (2 subjects - subject A)"
18_10.fbx,quarrel - angry hand gestures (2 subjects - subject A)
18_11.fbx,quarrel - angry hand gestures (2 subjects - subject A)
18_12.fbx,"friends meet, hang out; A sits, B joins A (2 subjects - subject A)"
18_13.fbx,"run, scramble for last seat (2 subjects - subject A)"
18_14.fbx,"run, scramble for last seat (2 subjects - subject A)"
18_15.fbx,chicken dance (2 subjects - subject A)
19_01.fbx,"walk, shake hands (2 subjects - subject B)"
19_02.fbx,"walk, shake hands (2 subjects - subject B)"
19_03.fbx,A pulls B; B resists (2 subjects - subject B)
19_04.fbx,A pulls B; B resists (2 subjects - subject B)
19_05.fbx,A pulls B by the elbow; B resists (2 subjects - subject B)
19_06.fbx,A pulls B by the elbow; B resists (2 subjects - subject B)
19_07.fbx,"navigate busy sidewalk; A leads the way, takes B by the arm (2 subjects - subject B)"
19_08.fbx,conversation - explain with hand gestures (2 subjects - subject B)
19_09.fbx,"conversation - explain with hand gestures, walk (2 subjects - subject B)"
19_10.fbx,quarrel - angry hand gestures (2 subjects - subject B)
19_11.fbx,quarrel - angry hand gestures (2 subjects - subject B)
19_12.fbx,"friends meet, hang out; A sits, B joins A (2 subjects - subject B)"
19_13.fbx,"run, scramble for last seat (2 subjects - subject B)"
19_14.fbx,"run, scramble for last seat (2 subjects - subject B)"
19_15.fbx,chicken dance (2 subjects - subject B)
20_01.fbx,chicken dance (2 subjects - subject A)
20_02.fbx,"link arms, walk (2 subjects - subject A)"
20_03.fbx,"link arms, walk (2 subjects - subject A)"
20_04.fbx,synchronized walk (2 subjects - subject A)
20_05.fbx,synchronized walk (2 subjects - subject A)
20_06.fbx,soldiers march (2 subjects - subject A)
20_07.fbx,soldiers march (2 subjects - subject A)
20_08.fbx,zombie march (2 subjects - subject A)
20_09.fbx,nursery rhyme - ring around the rosey (2 subjects - subject A)
20_10.fbx,360-degree two-person whip (2 subjects - subject A)
20_11.fbx,"high-five, walk (2 subjects - subject A)"
20_12.fbx,"low-five, walk (2 subjects - subject A)"
20_13.fbx,blind man's bluff (blindfold tag) (2 subjects - subject A)
21_01.fbx,chicken dance (2 subjects - subject B)
21_02.fbx,"link arms, walk (2 subjects - subject B)"
21_03.fbx,"link arms, walk (2 subjects - subject B)"
21_04.fbx,synchronized walk (2 subjects - subject B)
21_05.fbx,synchronized walk (2 subjects - subject B)
21_06.fbx,soldiers march (2 subjects - subject B)
21_07.fbx,soldiers march (2 subjects - subject B)
21_08.fbx,zombie march (2 subjects - subject B)
21_09.fbx,nursery rhyme - ring around the rosey (2 subjects - subject B)
21_10.fbx,360-degree two-person whip (2 subjects - subject B)
21_11.fbx,"high-five, walk (2 subjects - subject B)"
21_12.fbx,"low-five, walk (2 subjects - subject B)"
21_13.fbx,blind man's bluff (blindfold tag) (2 subjects - subject B)
22_01.fbx,B sits; A pulls up B (2 subjects - subject A)
22_02.fbx,A sits; B pulls up A (2 subjects - subject A)
22_03.fbx,"A sits, holds face in hands; B kneels, comforts A (2 subjects - subject A)"
22_04.fbx,"B comforts A, puts one hand on A's shoulder (2 subjects - subject A)"
22_05.fbx,"A comforts B, puts both hands on B's shoulders (2 subjects - subject A)"
22_06.fbx,"B comforts A, puts both hands on A's shoulders (2 subjects - subject A)"
22_07.fbx,"A comforts B, puts one hand on B's shoulder (2 subjects - subject A)"
22_08.fbx,"hold hands, swing arms, walk (2 subjects - subject A)"
22_09.fbx,"A gives B a shoulder rub; B sits, A stands (2 subjects - subject A)"
22_10.fbx,"A shelters B, a younger child, from harm (2 subjects - subject A)"
22_11.fbx,"B shelters A, a younger child, from harm (2 subjects - subject A)"
22_12.fbx,A stumbles into B (2 subjects - subject A)
22_13.fbx,A passes soda to B; both drink (2 subjects - subject A)
22_14.fbx,alternating squats (2 subjects - subject A)
22_15.fbx,alternating jumping jacks (2 subjects - subject A)
22_16.fbx,synchronized jumping jacks (2 subjects - subject A)
22_17.fbx,"rush up, arm wrestle (2 subjects - subject A)"
22_18.fbx,"A stares down B, leans with hands on high stool (2 subjects - subject A)"
22_19.fbx,"B stares down A, leans with hands on high stool (2 subjects - subject A)"
22_20.fbx,"violence - A picks up high stool, threatens to strike B (2 subjects - subject A)"
22_21.fbx,"conversation - B pounds high stool, points at A (2 subjects - subject A)"
22_22.fbx,walk; B catches keys thrown by A (2 subjects - subject A)
22_23.fbx,walk; A catches keys thrown by B (2 subjects - subject A)
22_24.fbx,walk; B catches wallet thrown by A (2 subjects - subject A)
22_25.fbx,walk; A catches wallet thrown by B (2 subjects - subject A)
23_01.fbx,B sits; A pulls up B (subjects - subject B)
23_02.fbx,A sits; B pulls up A (subjects - subject B)
23_03.fbx,"A sits, holds face in hands; B kneels, comforts A (2 subjects - subject B)"
23_04.fbx,"B comforts A, puts one hand on A's shoulder (2 subjects - subject B)"
23_05.fbx,"A comforts B, puts both hands on B's shoulders (2 subjects - subject B)"
23_06.fbx,"B comforts A, puts both hands on A's shoulders (2 subjects - subject B)"
23_07.fbx,"A comforts B, puts one hand on B's shoulder (2 subjects - subject B)"
23_08.fbx,"hold hands, swing arms, walk (2 subjects - subject B)"
23_09.fbx,"A gives B a shoulder rub; B sits, A stands (subjects - subject B)"
23_10.fbx,"A shelters B, a younger child, from harm (2 subjects - subject B)"
23_11.fbx,"B shelters A, a younger child, from harm (2 subjects - subject B)"
23_12.fbx,A stumbles into B (2 subjects - subject B)
23_13.fbx,A passes soda to B; both drink (2 subjects - subject B)
23_14.fbx,alternating squats (2 subjects - subject B)
23_15.fbx,alternating jumping jacks (2 subjects - subject B)
23_16.fbx,synchronized jumping jacks (2 subjects - subject B)
23_17.fbx,"rush up, arm wrestle (2 subjects - subject B)"
23_18.fbx,"A stares down B, leans with hands on high stool (2 subjects - subject B)"
23_19.fbx,"B stares down A, leans with hands on high stool (2 subjects - subject B)"
23_20.fbx,"violence - A picks up high stool, threatens to strike B (2 subjects - subject B)"
23_21.fbx,"conversation - B pounds high stool, points at A (2 subjects - subject B)"
23_22.fbx,walk; B catches keys thrown by A (2 subjects - subject B)
23_23.fbx,walk; A catches keys thrown by B (2 subjects - subject B)
23_24.fbx,walk; B catches wallet thrown by A (2 subjects - subject B)
23_25.fbx,walk; A catches wallet thrown by B (2 subjects - subject B)
24_01.fbx,"nursery rhyme - ""I'm a little teapot..."""
25_01.fbx,"nursery rhyme - ""I'm a little teapot..."""
26_01.fbx,walk
26_02.fbx,basketball signals
26_03.fbx,"nursery rhyme - ""I'm a little teapot..."""
26_04.fbx,"nursery rhyme - ""I'm a little teapot..."""
26_05.fbx,Alaska vacation
26_06.fbx,Alaska vacation
26_07.fbx,nursery rhyme - Cock Robin
26_08.fbx,nursery rhyme - Cock Robin
26_09.fbx,"bend, pick up"
26_10.fbx,"bend, lift"
26_11.fbx,"bend, lift"
27_01.fbx,walk
27_02.fbx,basketball signals
27_03.fbx,"nursery rhyme - ""I'm a little teapot..."""
27_04.fbx,Alaskan vacation
27_05.fbx,nursery rhyme - Cock Robin
27_06.fbx,basketball signals
27_07.fbx,"nursery rhyme - ""I'm a little teapot..."""
27_08.fbx,Alaskan vacation
27_09.fbx,Alaskan vacation
27_10.fbx,nursery rhyme - Cock Robin
27_11.fbx,prairie dog (human subject)
28_01.fbx,basketball signals
28_02.fbx,"nursery rhyme - ""I'm a little teapot..."""
28_03.fbx,Alaskan vacation
28_04.fbx,nursery rhyme - Cock Robin
28_05.fbx,basketball signals
28_06.fbx,"nursery rhyme - ""I'm a little teapot..."""
28_07.fbx,Alaskan vacation
28_08.fbx,nursery rhyme - Cock Robin
28_09.fbx,prairie dog (human subject)
28_10.fbx,whale (human subject)
28_11.fbx,bear (human subject)
28_12.fbx,dog (human subject)
28_13.fbx,snake (human subject)
28_14.fbx,chicken (human subject)
28_15.fbx,monkey (human subject)
28_16.fbx,mouse (human subject)
28_17.fbx,cat (human subject)
28_18.fbx,elephant (human subject)
28_19.fbx,dinosaur (human subject)
29_01.fbx,walk
29_02.fbx,basketball signals
29_03.fbx,"nursery rhyme - ""I'm a little teapot..."""
29_04.fbx,Alaskan vacation
29_05.fbx,Alaskan vacation
29_06.fbx,nursery rhyme - Cock Robin
29_07.fbx,basketball signals
29_08.fbx,"nursery rhyme - ""I'm a little teapot..."""
29_09.fbx,Alaskan vacation
29_10.fbx,nursery rhyme - Cock Robin
29_11.fbx,Alaskan vacation
29_12.fbx,Alaskan vacation
29_13.fbx,Alaskan vacation
29_14.fbx,prairie dog (human subject)
29_15.fbx,whale (human subject)
29_16.fbx,bear (human subject)
29_17.fbx,dog (human subject)
29_18.fbx,cat (human subject)
29_19.fbx,fish (human subject)
29_20.fbx,elephant (human subject)
29_21.fbx,mouse (human subject)
29_22.fbx,chicken (human subject)
29_23.fbx,dinosaur (human subject)
29_24.fbx,snake (human subject)
29_25.fbx,monkey (human subject)
30_01.fbx,basketball signals
30_02.fbx,"nursery rhyme - ""I'm a little teapot..."""
30_03.fbx,Alaskan vacation
30_04.fbx,Alaskan vacation
30_05.fbx,nursery rhyme - Cock Robin
30_06.fbx,nursery rhyme - Cock Robin
30_07.fbx,basketball signals
30_08.fbx,"nursery rhyme - ""I'm a little teapot..."""
30_09.fbx,Alaskan vacation
30_10.fbx,nursery rhyme - Cock Robin
30_11.fbx,Alaskan vacation
30_12.fbx,Alaskan vacation
30_13.fbx,prairie dog (human subject)
30_14.fbx,whale (human subject)
30_15.fbx,bear (human subject)
30_16.fbx,dog (human subject)
30_17.fbx,cat (human subject)
30_18.fbx,elephant (human subject)
30_19.fbx,mouse (human subject)
30_20.fbx,chicken (human subject)
30_21.fbx,snake (human subject)
30_22.fbx,Tyrannosaurus rex (human subject)
30_23.fbx,monkey (human subject)
31_01.fbx,basketball signals
31_02.fbx,"nursery rhyme - ""I'm a little teapot..."""
31_03.fbx,Alaskan vacation
31_04.fbx,nursery rhyme - Cock Robin
31_05.fbx,basketball signals
31_06.fbx,"nursery rhyme - ""I'm a little teapot..."""
31_07.fbx,Alaskan vacation
31_08.fbx,nursery rhyme - Cock Robin
31_09.fbx,Alaskan vacation
31_10.fbx,Alaskan vacation
31_11.fbx,prairie dog (human subject)
31_12.fbx,whale (human subject)
31_13.fbx,bear (human subject)
31_14.fbx,dog (human subject)
31_15.fbx,cat (human subject)
31_16.fbx,elephant (human subject)
31_17.fbx,Tyrannosaurus rex (human subject)
31_18.fbx,mouse (human subject)
31_19.fbx,chicken (human subject)
31_20.fbx,snake (human subject)
31_21.fbx,monkey (human subject)
32_01.fbx,walk
32_02.fbx,walk
32_03.fbx,basketball signals
32_04.fbx,"nursery rhyme - ""I'm a little teapot..."""
32_05.fbx,Alaskan vacation
32_06.fbx,nursery rhyme - Cock Robin
32_07.fbx,basketball signals
32_08.fbx,"nursery rhyme - ""I'm a little teapot..."""
32_09.fbx,Alaskan vacation
32_10.fbx,nursery rhyme - Cock Robin
32_11.fbx,Alaskan vacation
32_12.fbx,Alaskan vacation
32_13.fbx,prairie dog (human subject)
32_14.fbx,bear (human subject)
32_15.fbx,dog (human subject)
32_16.fbx,cat (human subject)
32_17.fbx,elephant (human subject)
32_18.fbx,mouse (human subject)
32_19.fbx,chicken (human subject)
32_20.fbx,Tyrannosaurus rex (human subject)
32_21.fbx,snake (human subject)
32_22.fbx,monkey (human subject)
33_01.fbx,"football - throw, catch (2 subjects - subject A)"
33_02.fbx,"football - throw, catch, jump around (2 subjects - subject A)"
34_01.fbx,"football - throw, catch (2 subjects - subject B)"
34_02.fbx,"football - throw, catch, jump around (2 subjects - subject B)"
35_01.fbx,walk
35_02.fbx,walk
35_03.fbx,walk
35_04.fbx,walk
35_05.fbx,walk
35_06.fbx,walk
35_07.fbx,walk
35_08.fbx,walk
35_09.fbx,walk
35_10.fbx,walk
35_11.fbx,walk
35_12.fbx,walk
35_13.fbx,walk
35_14.fbx,walk
35_15.fbx,walk
35_16.fbx,walk
35_17.fbx,run/jog
35_18.fbx,run/jog
35_19.fbx,run/jog
35_20.fbx,run/jog
35_21.fbx,run/jog
35_22.fbx,run/jog
35_23.fbx,run/jog
35_24.fbx,run/jog
35_25.fbx,run/jog
35_26.fbx,run/jog
35_27.fbx,navigate around obstacles
35_28.fbx,walk
35_29.fbx,walk
35_30.fbx,walk
35_31.fbx,walk
35_32.fbx,walk
35_33.fbx,walk
35_34.fbx,walk
36_01.fbx,walk on uneven terrain
36_02.fbx,"walk forward, turn around, walk back"
36_03.fbx,"walk forward, turn around, walk back"
36_04.fbx,walk on uneven terrain
36_05.fbx,walk on uneven terrain
36_06.fbx,walk on uneven terrain
36_07.fbx,walk on uneven terrain
36_08.fbx,walk on uneven terrain
36_09.fbx,"walk forward, turn around, walk back"
36_10.fbx,walk on uneven terrain
36_11.fbx,walk on uneven terrain
36_12.fbx,walk on uneven terrain
36_13.fbx,walk on uneven terrain
36_14.fbx,walk on uneven terrain
36_15.fbx,walk on uneven terrain
36_16.fbx,walk on uneven terrain
36_17.fbx,walk on uneven terrain
36_18.fbx,walk on uneven terrain
36_19.fbx,walk on uneven terrain
36_20.fbx,walk on uneven terrain
36_21.fbx,walk on uneven terrain
36_22.fbx,walk on uneven terrain
36_23.fbx,walk on uneven terrain
36_24.fbx,walk on uneven terrain
36_25.fbx,walk on uneven terrain
36_26.fbx,walk on uneven terrain
36_27.fbx,walk on uneven terrain
36_28.fbx,walk on uneven terrain
36_29.fbx,walk on uneven terrain
36_30.fbx,walk on uneven terrain
36_31.fbx,walk on uneven terrain
36_32.fbx,walk on uneven terrain
36_33.fbx,walk on uneven terrain
36_34.fbx,walk on uneven terrain
36_35.fbx,walk on uneven terrain
36_36.fbx,walk on uneven terrain
36_37.fbx,jump/hop on uneven terrain
37_01.fbx,slow walk
38_01.fbx,walk
38_02.fbx,walk
38_03.fbx,run around in a circle
38_04.fbx,"walk around, frequent turns, cyclic walk along a line"
39_01.fbx,walk
39_02.fbx,walk
39_03.fbx,walk
39_04.fbx,walk
39_05.fbx,walk
39_06.fbx,walk
39_07.fbx,walk
39_08.fbx,walk
39_09.fbx,walk
39_10.fbx,walk
39_11.fbx,"walk forward, turn around, walk back"
39_12.fbx,walk
39_13.fbx,walk
39_14.fbx,walk
40_02.fbx,"navigate - walk forward, backward, on a diagonal"
40_03.fbx,"navigate - walk forward, backward, on a diagonal"
40_04.fbx,"navigate - walk forward, backward, on a diagonal"
40_05.fbx,"navigate - walk forward, backward, on a diagonal"
40_06.fbx,"climb, step over, sit on, jump over stepstool"
40_07.fbx,"climb, step over, jump over stepstool"
40_08.fbx,"climb, step over, jump over stepstool"
40_09.fbx,"climb, step over, jump over stepstool"
40_10.fbx,wait for bus
40_11.fbx,wait for bus
40_12.fbx,basketball signals
41_02.fbx,"navigate - walk forward, backward, sideways, on a diagonal"
41_03.fbx,"navigate - walk forward, backward, sideways, on a diagonal"
41_04.fbx,"navigate - walk forward, backward, on a diagonal"
41_05.fbx,"navigate - walk forward, backward, on a diagonal"
41_06.fbx,"navigate - walk forward, backward, on a diagonal"
41_07.fbx,"climb, step over, jump over, navigate around stepstool"
41_08.fbx,"climb, step over, jump over, navigate around stepstool"
41_09.fbx,"climb, step over, jump over, navigate around stepstool"
41_10.fbx,basketball signals
41_11.fbx,basketball signals
42_01.fbx,"stretch - rotate head, shoulders, arms, legs"
43_01.fbx,walk
43_02.fbx,"playground - grip bar, swing body"
43_03.fbx,"playground - grip bar, swing body"
45_01.fbx,walk
46_01.fbx,walk
47_01.fbx,"walk forward, turn around, walk back"
49_01.fbx,walk
49_02.fbx,"jump up and down, hop on one foot"
49_03.fbx,"jump up and down, hop on one foot"
49_04.fbx,"run, leap"
49_05.fbx,"run, leap"
49_06.fbx,cartwheel
49_07.fbx,cartwheel
49_08.fbx,cartwheels
49_09.fbx,"dance - arms held high, side arabesque"
49_10.fbx,"dance - fold in from side arabesque, curl inwards"
49_11.fbx,"dance - fold in from side arabesque, curl inwards"
49_12.fbx,"dance - lean forward, bring back leg forward, arching arms"
49_13.fbx,"dance - fold in from side arabesque, curl inwards"
49_14.fbx,"dance - lean forward, bring back leg forward, arching arms"
49_15.fbx,"static dance pose - folded in, head lowered, leg bent"
49_16.fbx,"dance - fold in from side arabesque, curl inwards"
49_17.fbx,"dance - lean forward, bring back leg forward, arching arms"
49_18.fbx,"balance on one leg, outstretched arms"
49_19.fbx,"balance on one leg, outstretched arms"
49_20.fbx,"balance on one leg, outstretched arms"
49_21.fbx,"acrobatics - spin/twirl, hang on ropes"
49_22.fbx,"dance - lean back on bent leg, balance, bend elbow by ear"
54_01.fbx,monkey (human subject)
54_02.fbx,bear (human subject)
54_03.fbx,penguin (human subject)
54_04.fbx,pterosaur (human subject)
54_05.fbx,pterosaur (human subject)
54_06.fbx,pterosaur (human subject)
54_07.fbx,prairie dog (human subject)
54_08.fbx,roadrunner (human subject)
54_09.fbx,insect/praying mantis (human subject)
54_10.fbx,ghost (human subject)
54_11.fbx,penguin (human subject)
54_12.fbx,dragon (human subject)
54_13.fbx,dragon (human subject)
54_14.fbx,monkey (human subject)
54_15.fbx,prairie dog (human subject)
54_16.fbx,superhero
54_17.fbx,squirrel (human subject)
54_18.fbx,squirrel (human subject)
54_19.fbx,squirrel - robotic like motion (human subject)
54_20.fbx,"follow path, walk around obstacles"
54_21.fbx,"follow path, walk around obstacles"
54_22.fbx,"follow path, walk around obstacles"
54_23.fbx,monkey (human subject)
54_24.fbx,hummingbird (human subject)
54_25.fbx,chicken (human subject)
54_26.fbx,chicken (human subject)
54_27.fbx,chicken (human subject)
55_01.fbx,"dance, whirl"
55_02.fbx,lambada dance
55_03.fbx,genie (human subject)
55_04.fbx,walk
55_05.fbx,hummingbird (human subject)
55_06.fbx,chicken (human subject)
55_07.fbx,chicken (human subject)
55_08.fbx,monkey (human subject)
55_09.fbx,monkey (human subject)
55_10.fbx,hummingbird (human subject)
55_11.fbx,animal (human subject)
55_12.fbx,dancing bear (human subject)
55_13.fbx,insect/praying mantis (human subject)
55_14.fbx,prairie dog (human subject)
55_15.fbx,roadrunner (human subject)
55_16.fbx,panda (human subject)
55_17.fbx,ghost (human subject)
55_18.fbx,penguin (human subject)
55_19.fbx,dragon (human subject)
55_20.fbx,hippo ballerina (human subject)
55_21.fbx,pterosaur (human subject)
55_22.fbx,superhero
55_23.fbx,devil
55_24.fbx,various animals (human subject)
55_25.fbx,dancing animal (human subject)
55_26.fbx,monkey (human subject)
55_27.fbx,dancing ant (human subject)
55_28.fbx,monkey/bear (human subject)
56_01.fbx,walk around
56_02.fbx,"vignettes - fists up, wipe window, yawn, stretch, angrily grab, smash against wall"
56_03.fbx,"vignettes - fists up, wipe window, yawn, stretch, angrily grab, smash against wall, lift open window, throw punches, skip"
56_04.fbx,"vignettes - fists up, wipe window, grab, lift open window, throw punches, yawn, stretch, walk, jump"
56_05.fbx,"vignettes - walk, drink water, run/jog, jump, wipe window, lift open window, throw punches, yawn, stretch"
56_06.fbx,"vignettes - throw punches, grab, skip, yawn, stretch, leap, lift open window, walk, jump/bound"
56_07.fbx,"vignettes - yawn, stretch, walk, run/jog, angrily grab, jump, skip, halt"
56_08.fbx,"vignettes - lift open window, smash against wall, hop, walk, run/jog, yawn, stretch"
60_01.fbx,salsa dance
60_02.fbx,salsa dance
60_03.fbx,salsa dance
60_04.fbx,salsa dance
60_05.fbx,salsa dance
60_06.fbx,salsa dance
60_07.fbx,salsa dance
60_08.fbx,salsa dance
60_09.fbx,salsa dance
60_10.fbx,salsa dance
60_11.fbx,salsa dance
60_12.fbx,salsa dance
60_13.fbx,salsa dance
60_14.fbx,salsa dance
60_15.fbx,salsa dance
61_01.fbx,salsa dance
61_02.fbx,salsa dance
61_03.fbx,salsa dance
61_04.fbx,salsa dance
61_05.fbx,salsa dance
61_06.fbx,salsa dance
61_07.fbx,salsa dance
61_08.fbx,salsa dance
61_09.fbx,salsa dance
61_10.fbx,salsa dance
61_11.fbx,salsa dance
61_12.fbx,salsa dance
61_13.fbx,salsa dance
61_14.fbx,salsa dance
61_15.fbx,salsa dance
62_01.fbx,"bolt loosening, wrench"
62_02.fbx,"bolt tightening, wrench"
62_03.fbx,"sawing, hand saw"
62_04.fbx,screwing
62_05.fbx,screwing
62_06.fbx,unscrewing
62_07.fbx,hammering a nail
62_08.fbx,hammering a nail
62_09.fbx,pulling a nail
62_10.fbx,hammering sequence
62_11.fbx,cleaning up
62_12.fbx,hard days drink
62_13.fbx,moving a stool
62_14.fbx,opening umbrella
62_15.fbx,opening umbrella
62_16.fbx,closing umbrella
62_17.fbx,opening and closing umbrella
62_18.fbx,closing a box
62_19.fbx,opening a box
62_20.fbx,"closing, moving and opening a box"
62_21.fbx,coiling a rope
62_22.fbx,dynamic calibration
62_23.fbx,bolt tightening
62_24.fbx,"bolt tightening, with putting bolt in"
62_25.fbx,"bolt loosening, wrench"
63_01.fbx,Swing
63_02.fbx,Unknown
63_03.fbx,Unknown
63_04.fbx,Unknown
63_05.fbx,Unknown
63_06.fbx,Unknown
63_07.fbx,Unknown
63_08.fbx,Unknown
63_09.fbx,Unknown
63_10.fbx,Unknown
63_11.fbx,Unknown
63_12.fbx,Unknown
63_13.fbx,Unknown
63_14.fbx,Unknown
63_15.fbx,Unknown
63_16.fbx,Unknown
63_17.fbx,Unknown
63_18.fbx,Unknown
63_19.fbx,Unknown
63_20.fbx,Unknown
63_21.fbx,Unknown
63_22.fbx,Unknown
63_23.fbx,Unknown
63_24.fbx,Unknown
63_25.fbx,Unknown
63_26.fbx,Unknown
63_27.fbx,Unknown
63_28.fbx,Unknown
63_29.fbx,Unknown
63_30.fbx,Unknown
64_01.fbx,Swing
64_02.fbx,Swing
64_03.fbx,Swing
64_04.fbx,Swing
64_05.fbx,Swing
64_06.fbx,Swing
64_07.fbx,Swing
64_08.fbx,Swing
64_09.fbx,Swing
64_10.fbx,Swing
64_11.fbx,Putt
64_12.fbx,Putt
64_13.fbx,Putt
64_14.fbx,Putt
64_15.fbx,Putt
64_16.fbx,Placing Tee
64_17.fbx,Placing Tee
64_18.fbx,Placing Tee
64_19.fbx,Placing Tee
64_20.fbx,Placing Tee
64_21.fbx,Placing Ball
64_22.fbx,Placing Ball
64_23.fbx,Placing Ball
64_24.fbx,Placing Ball
64_25.fbx,Placing Ball
64_26.fbx,Picking up Ball
64_27.fbx,Picking up Ball
64_28.fbx,Picking up Ball
64_29.fbx,Picking up Ball
64_30.fbx,Picking up Ball
69_01.fbx,walk forward
69_02.fbx,walk forward
69_03.fbx,walk forward
69_04.fbx,walk forward
69_05.fbx,walk forward
69_06.fbx,walk and turn (repeated)
69_07.fbx,walk and turn (repeated)
69_08.fbx,walk and turn (repeated)
69_09.fbx,walk and turn (repeated)
69_10.fbx,walk and turn (repeated)
69_11.fbx,walk and turn (repeated)
69_12.fbx,walk and turn both directions (repeated)
69_13.fbx,"walk, turn in place (repeated)"
69_14.fbx,"walk, turn in place (repeated)"
69_15.fbx,"walk, turn in place (repeated)"
69_16.fbx,turn in place
69_17.fbx,turn in place
69_18.fbx,turn in place (opposite direction)
69_19.fbx,turn in place (opposite direction)
69_20.fbx,walk forward 90 degree right turn
69_21.fbx,walk forward 90 degree right turn
69_22.fbx,walk forward 90 degree right turn
69_23.fbx,walk forward 90 degree right turn
69_24.fbx,walk forward 90 degree left turn
69_25.fbx,walk forward 90 degree left turn
69_26.fbx,walk forward 90 degree left turn
69_27.fbx,walk forward 90 degree left turn
69_28.fbx,walk forward 90 degree smooth right turn
69_29.fbx,walk forward 90 degree smooth right turn
69_30.fbx,walk forward 90 degree smooth right turn
69_31.fbx,walk forward 90 degree smooth left turn
69_32.fbx,walk forward 90 degree smooth left turn
69_33.fbx,walk forward 90 degree smooth left turn
69_34.fbx,walk backwards and turn
69_35.fbx,walk backwards and turn
69_36.fbx,walk backwards and turn
69_37.fbx,walk backwards and turn
69_38.fbx,walk backwards and turn (repeated)
69_39.fbx,"walk backward, turn in place"
69_40.fbx,"walk backward, turn in place"
69_41.fbx,"walk backward, turn in place"
69_42.fbx,walk sideways and turn (repeated)
69_43.fbx,walk sideways and turn (repeated)
69_44.fbx,walk sideways and turn (repeated)
69_45.fbx,walk sideways and turn (repeated)
69_46.fbx,walk sideways and turn (repeated)
69_47.fbx,walk sideways and turn (repeated)
69_48.fbx,walk sideways and turn (opposite direction)
69_49.fbx,walk sideways and turn (opposite direction)
69_50.fbx,walk sideways and backwards
69_51.fbx,walk backwards and turn
69_52.fbx,walk backwards and turn
69_53.fbx,walk backwards and turn
69_54.fbx,walk backwards and turn
69_55.fbx,walk backwards and turn
69_56.fbx,walk sideways and turn (opposite direction)
69_57.fbx,walk sideways and turn (opposite direction)
69_58.fbx,walk sideways and turn (opposite direction)
69_59.fbx,walk sideways and turn
69_60.fbx,walk sideways and turn
69_61.fbx,walk sideways and turn
69_62.fbx,walk sideways and turn (opposite direction)
69_63.fbx,walk sideways and turn (opposite direction)
69_64.fbx,walk sideways and turn (opposite direction)
69_65.fbx,walk sideways and turn
69_66.fbx,walk sideways and turn
69_67.fbx,walk sideways and turn
69_68.fbx,"walk forward and pick up object, set down object"
69_69.fbx,"walk forward and pick up object, carry back object"
69_70.fbx,"walk up to object, squat, pick up object, set down in another place."
69_71.fbx,"walk up to object, squat, pick up object, set down in another place"
69_72.fbx,"walk up to object, pick up object, set down in another place"
69_73.fbx,"walk up to object, lean over, pick up object, set down in another place"
69_74.fbx,"walk up to object, lean over, pick up object, set down in another place"
69_75.fbx,"walk up to object, squat, pick up object, set down in another place"
70_01.fbx,carry 5.5lb suitcase
70_02.fbx,carry 5.5lb suitcase
70_03.fbx,carry 19.5lb suitcase
70_04.fbx,carry 19.5lb suitcase
70_05.fbx,carry 19.5lb suitcase
70_06.fbx,carry 19.5lb suitcase
70_07.fbx,carry 19.5lb suitcase
70_08.fbx,carry 19.5lb suitcase
70_09.fbx,carry 19.5lb suitcase
70_10.fbx,carry 12.5lb suitcase
70_11.fbx,carry 12.5lb suitcase
70_12.fbx,carry 12.5lb suitcase
70_13.fbx,carry 12.5lb suitcase
73_01.fbx,Unknown
73_02.fbx,Unknown
73_03.fbx,Unknown
73_04.fbx,Unknown
73_05.fbx,Unknown
73_06.fbx,Unknown
73_07.fbx,Unknown
73_08.fbx,Unknown
73_09.fbx,Unknown
73_10.fbx,Unknown
73_11.fbx,Unknown
73_12.fbx,Unknown
73_13.fbx,Unknown
74_01.fbx,stiff walk
74_02.fbx,stiff walk
74_03.fbx,kick
74_04.fbx,kick
74_05.fbx,kick
74_06.fbx,kick
74_07.fbx,lifting up
74_08.fbx,lifting up
74_09.fbx,Unknown
74_10.fbx,peeping
74_11.fbx,peeping
74_12.fbx,thinker
74_13.fbx,Range of motion
74_14.fbx,slope 1
74_15.fbx,slope1
74_16.fbx,slope 2
74_17.fbx,slope 2
74_18.fbx,slope 3
74_19.fbx,slope 3
74_20.fbx,stiff walk
75_01.fbx,run jump
75_02.fbx,run jump
75_03.fbx,run jump
75_04.fbx,wide leg run
75_05.fbx,cross leg run
75_06.fbx,180 jump
75_07.fbx,angle jumps
75_08.fbx,360 jumps
75_09.fbx,360 jump
75_10.fbx,2 jump
75_11.fbx,2 jump
75_12.fbx,box jump
75_13.fbx,hopscotch
75_14.fbx,hopscotch
75_15.fbx,long jumps
75_16.fbx,jump kick
75_17.fbx,medium sit
75_18.fbx,high sit
75_19.fbx,medium sit
75_20.fbx,low sit
76_01.fbx,walk backwards then attack with a punch
76_02.fbx,"walk backwards, feign a few attacks, then attack"
76_03.fbx,avoid attacker
76_04.fbx,defensive guard pose
76_05.fbx,swatting at pesky bug
76_06.fbx,avoid stepping on something
76_07.fbx,Unknown
76_08.fbx,careful stepping over things
76_09.fbx,walking backwards
76_10.fbx,turning
76_11.fbx,quick large steps backwards
77_01.fbx,looking around
77_02.fbx,standing
77_03.fbx,ready stance
77_04.fbx,Looking around
77_05.fbx,look around with flashlight
77_06.fbx,searching ground
77_07.fbx,poking ground
77_08.fbx,investigating thing on ground with two hands
77_09.fbx,duck to avoid flying object
77_10.fbx,careful run
77_11.fbx,careful run
77_12.fbx,careful run in circle
77_13.fbx,careful run in figure eight
77_14.fbx,careful creeping
77_15.fbx,careful creeping
77_16.fbx,"laying down, getting up, careful ready pose"
77_17.fbx,"laying down, getting up, careful ready pose"
77_18.fbx,"laying down on back, getting up, careful ready pose"
77_19.fbx,"limping, hurt right leg"
77_20.fbx,"limping, hurt right leg"
77_21.fbx,stretching
77_22.fbx,"limping, hurt right leg"
77_23.fbx,"limping, hurt right leg"
77_24.fbx,"limping, hurt right leg"
77_25.fbx,careful walk and search
77_26.fbx,careful walk and search
77_27.fbx,careful walk and search
77_28.fbx,careful walk
77_29.fbx,creeping walk
77_30.fbx,creeping walk
77_31.fbx,silent walk
77_32.fbx,creeping walk
77_33.fbx,creeping with limp
77_34.fbx,"creep and pause, repeat"
78_01.fbx,LeftTightTurn         CleanedGRS
78_02.fbx,RightWideTurn            CleanedGRS
78_03.fbx,LeftWideTurn     CleanedGRS
78_04.fbx,SuperTightLeft        CleanedGRS
78_05.fbx,SuperTightRight         CleanedGRS
78_06.fbx,RunningStraight       CleanedGRS
78_07.fbx,RunningWideRight       CleanedGRS
78_08.fbx,RunningWideLeft      CleanedGRS
78_09.fbx,RunningTigherLeft      CleanedGRS
78_10.fbx,RunningTighterRight      CleanedGRS
78_11.fbx,calibration
78_12.fbx,RunningNoBall     CleanedGRS
78_13.fbx,OffensiveMoveSpinLeft            CleanedGRS
78_14.fbx,OffensiveMoveSpinLeft      CleanedGRS
78_15.fbx,OffensiveMoveGoRight     CleanedGRS
78_16.fbx,OffensiveMoveGoLeft         CleanedGRs
78_17.fbx,OffensiveMoveSpinRight             CleanedGRS
78_18.fbx,WalkEvasiveLeft      CleanedGRS
78_19.fbx,WalkEvasiveRight              CleanedGRS
78_20.fbx,FeintLeftMoveRight            CleanedGRS
78_21.fbx,FeintRightMoveLeft      CleanedGRS
78_22.fbx,FakeShotBreakRight     CleanedGRs
78_23.fbx,FakeShotBreakLeft            CleanedGRS
78_24.fbx,DefensiveStraightNoStop          CleanedGRS
78_25.fbx,DefensiveStraightWithStop          CleanedGRS
78_26.fbx,DefensiveRightStopToStop           CleanedGRS
78_27.fbx,DefensiveLeftStopToStop              CleanedGRS
78_28.fbx,DefensiveMoveZigZag           CleanedGRS
78_29.fbx,DefensiveMoveSideToSide           CleanedGRS
78_30.fbx,DefensiveMoveSideToSide           CleanedGRS
78_31.fbx,Pivoting     CleanedGRS
78_32.fbx,SraightDriveFromStop          Cleaned GRS
78_33.fbx,RightDrive (left then right)    Cleaned GRS
78_34.fbx,LeftDrive (right then left)    Cleaned GRS
78_35.fbx,RightTightTurn    CleanedGRS
79_01.fbx,chopping wood
79_02.fbx,swimming
79_03.fbx,swimming
79_04.fbx,digging
79_05.fbx,sewing
79_06.fbx,hand shake
79_07.fbx,lost marker
79_08.fbx,boxing
79_09.fbx,slicing bread
79_10.fbx,chopping onions
79_11.fbx,Subject calibration
79_12.fbx,eating dinner
79_13.fbx,mixing batter
79_14.fbx,making dough
79_15.fbx,eating a sandwich
79_16.fbx,buying something
79_17.fbx,playing violin
79_18.fbx,playing drums
79_19.fbx,playing piano
79_20.fbx,hanging a picture
79_21.fbx,putting on a pull over
79_22.fbx,range of motion
79_23.fbx,putting on a jacket
79_24.fbx,putting on button up sweater
79_25.fbx,moving heavy box
79_26.fbx,planting a tree
79_27.fbx,planting a plant
79_28.fbx,putting on a ball cap
79_29.fbx,putting on a dress
79_30.fbx,pushing a swing
79_31.fbx,writing on a chalkboard
79_32.fbx,writing on a chalkboard
79_33.fbx,chug a beer
79_34.fbx,fishing
79_35.fbx,fishing
79_36.fbx,answering the phone
79_37.fbx,dialing phone
79_38.fbx,drinking water
79_39.fbx,sipping martinee
79_40.fbx,drinking a soda
79_41.fbx,sipping coffee
79_42.fbx,eating soup
79_43.fbx,painting
79_44.fbx,washing a window
79_45.fbx,bear
79_46.fbx,bear
79_47.fbx,chicken
79_48.fbx,elephant
79_49.fbx,monkey
79_50.fbx,mouse
79_51.fbx,chipmunk
79_52.fbx,prairie dog
79_53.fbx,dog
79_54.fbx,snake
79_55.fbx,sweeping
79_56.fbx,T-rex
79_57.fbx,fish
79_58.fbx,bird
79_59.fbx,cat
79_60.fbx,chicken
79_61.fbx,cow
79_62.fbx,chicken
79_63.fbx,tiger
79_64.fbx,penguin
79_65.fbx,horse
79_66.fbx,movie and trial dont match
79_67.fbx,no movie
79_68.fbx,cold
79_69.fbx,very happy
79_70.fbx,laughing
79_71.fbx,sad
79_72.fbx,crying
79_73.fbx,scared
79_74.fbx,upset
79_75.fbx,channel surfing
79_76.fbx,driving
79_77.fbx,vacuuming
79_78.fbx,taking a movie
79_79.fbx,putting on headphones
79_80.fbx,using a palm pilot
79_81.fbx,brushing teeth
79_82.fbx,putting on deoderant
79_83.fbx,shaving
79_84.fbx,combing hair
79_85.fbx,typing on a laptop
79_86.fbx,shooting bow and arrow
79_87.fbx,raking
79_88.fbx,swatting at a fly
79_89.fbx,holding a baby
79_90.fbx,washing
79_91.fbx,football
79_92.fbx,frisbee
79_93.fbx,weight lifting
79_94.fbx,flexing
79_95.fbx,rowing
79_96.fbx,shooting a gun
80_01.fbx,shaking hands
80_02.fbx,chopping onions
80_03.fbx,shooting a gun
80_04.fbx,sewing
80_05.fbx,digging a hole
80_06.fbx,paying for something
80_07.fbx,hanging picture
80_08.fbx,picking up something
80_09.fbx,planting a flower
80_10.fbx,boxing
80_11.fbx,putting on a sweater
80_12.fbx,fishing
80_13.fbx,drumming
80_14.fbx,teaching
80_15.fbx,putting on a coat
80_16.fbx,mixing batter
80_17.fbx,hand mixing dough
80_18.fbx,vacuuming
80_19.fbx,pushing broom
80_20.fbx,planting
80_21.fbx,pushing swing
80_22.fbx,putting on a hat
80_23.fbx,putting on a skirt
80_24.fbx,eating
80_25.fbx,answering a phone
80_26.fbx,dialing phone
80_27.fbx,setting glass of water
80_28.fbx,drinking and smoking
80_29.fbx,chugging
80_30.fbx,range of motion
80_31.fbx,making coffee
80_32.fbx,slicing
80_33.fbx,eating soup
80_34.fbx,rake leaves
80_35.fbx,putting on headphones
80_36.fbx,violin
80_37.fbx,TV
80_38.fbx,driving
80_39.fbx,Unknown
80_40.fbx,drinking from bottle
80_41.fbx,freezing
80_42.fbx,freezing
80_43.fbx,happy
80_44.fbx,laughing
80_45.fbx,crying
80_46.fbx,crying
80_47.fbx,Unknown
80_48.fbx,arguing
80_49.fbx,gorilla
80_50.fbx,cleaning window
80_51.fbx,chicken
80_52.fbx,dog
80_53.fbx,elephant
80_54.fbx,monkey
80_55.fbx,mouse
80_56.fbx,chip monk
80_57.fbx,prairie dog
80_58.fbx,snake
80_59.fbx,panther
80_60.fbx,Unknown
80_61.fbx,sweeping
80_62.fbx,bird
80_63.fbx,chicken
80_64.fbx,cat
80_65.fbx,fish
80_66.fbx,Unknown
80_67.fbx,Unknown
80_68.fbx,Unknown
80_69.fbx,painting
80_70.fbx,piano
80_71.fbx,chopping wood
80_72.fbx,swimming
80_73.fbx,shaking hands
81_01.fbx,fix hair and walk forward
81_02.fbx,walk forward
81_03.fbx,walk
81_04.fbx,walk at a brisk pace
81_05.fbx,push heavy object
81_06.fbx,push heavy box
81_07.fbx,pull heavy object
81_08.fbx,drag heavy object
81_09.fbx,drag heavy object
81_10.fbx,push object that is high in air
81_11.fbx,push object that is high in air
81_12.fbx,jump backwards off ledge
81_13.fbx,jump backwards off ledge
81_14.fbx,climb backwards off ledge
81_15.fbx,climb backwards off ledge
81_16.fbx,Unknown
81_17.fbx,walk forward
81_18.fbx,adjust hair walk forward
82_01.fbx,Static pose
82_02.fbx,Jump off ledge
82_03.fbx,Jump off ledge
82_04.fbx,Jump off ledge
82_05.fbx,sitting on ground relaxing
82_06.fbx,Pushing on heavy object
82_07.fbx,Pushing on heavy object
82_08.fbx,stand still; casual walk forward
82_09.fbx,confident walk forward
82_10.fbx,sad walk forward
82_11.fbx,normal walk forward
82_12.fbx,happy or fast walk forward
82_13.fbx,normal walk forward
82_14.fbx,walk forward and slow down
82_15.fbx,walk forward and turn sideways
82_16.fbx,bang on high object
82_17.fbx,bang on high object
82_18.fbx,static pose
83_01.fbx,large sidestep to right
83_02.fbx,sidestep to the right and up a ledge
83_03.fbx,large step to a short ledge
83_04.fbx,large sidestep to right
83_05.fbx,very large sidestep to right
83_06.fbx,very large sidestep to right and down
83_07.fbx,short sidestep to right and down
83_08.fbx,medium step forward and down
83_09.fbx,short step forward and down
83_10.fbx,medium step forward and down
83_11.fbx,static pose
83_12.fbx,medium sidestep to right and down
83_13.fbx,large sidestep to right
83_14.fbx,short sidestep to left and down
83_15.fbx,short step forward
83_16.fbx,medium sidestep to left and down
83_17.fbx,medium step to left and down
83_18.fbx,short step to left and forward
83_19.fbx,medium sidestep to left
83_20.fbx,medium step forward
83_21.fbx,large step to left and forward
83_22.fbx,stretching
83_23.fbx,short sidestep to left and up
83_24.fbx,medium step to left and up
83_25.fbx,short step forward and up
83_26.fbx,"medium step to left, forward, and up"
83_27.fbx,walk forward stepping up stairs
83_28.fbx,walk forward stepping up stairs
83_29.fbx,walk forward stepping up stairs
83_30.fbx,walk forward stepping up stairs
83_31.fbx,walk forward stepping up stairs
83_32.fbx,walk forward stepping up stairs
83_33.fbx,sidestep to right then back to left
83_34.fbx,walk forward and up stairs
83_35.fbx,walk forward and stepping up stairs
83_36.fbx,walk forward turn 90 degrees left walk forward
83_37.fbx,walk forward turn 90 degrees right walk forward
83_38.fbx,walk forward turn 90 degrees left walk forward
83_39.fbx,walk forward turn 90 degrees right walk forward
83_40.fbx,hop forward
83_41.fbx,hop forward
83_42.fbx,long jump forward
83_43.fbx,long jump forward
83_44.fbx,medium step forward
83_45.fbx,hop forward
83_46.fbx,medium hop forward
83_47.fbx,long jump forward
83_48.fbx,short hop forward
83_49.fbx,medium hop forward
83_50.fbx,long jump forward
83_51.fbx,hop turn 90 degrees left in air
83_52.fbx,hop turn 90 degrees left in air
83_53.fbx,hop turn 90 degrees left in air
83_54.fbx,hop turn 180 degrees left in air
83_55.fbx,medium sidestep to right
83_56.fbx,hop turn left 180 degrees in air
83_57.fbx,hop turn left 180 degrees in air
83_58.fbx,hop turn left 270 degrees in air
83_59.fbx,hop turn left 270 degrees in air
83_60.fbx,hop turn left 270 degrees in air
83_61.fbx,hop turn 360 degrees left in air
83_62.fbx,hop turn left 360 degrees in air
83_63.fbx,large sidestep to right and forward
83_64.fbx,hop and turn right 360 degrees in air
83_65.fbx,hop and turn right 360 degrees in air
83_66.fbx,short sidestep to right
83_67.fbx,short sidestep to the right
83_68.fbx,medium sidestep to right
84_01.fbx,Unknown
84_02.fbx,Unknown
84_03.fbx,Unknown
84_04.fbx,Unknown
84_05.fbx,Unknown
84_06.fbx,Unknown
84_07.fbx,Unknown
84_08.fbx,Unknown
84_09.fbx,Unknown
84_10.fbx,Unknown
84_11.fbx,Unknown
84_12.fbx,Unknown
84_13.fbx,Unknown
84_14.fbx,Unknown
84_15.fbx,Unknown
84_16.fbx,Unknown
84_17.fbx,Unknown
84_18.fbx,Unknown
84_19.fbx,Unknown
84_20.fbx,Unknown
85_01.fbx,JumpTwist
85_02.fbx,JumpTwist
85_03.fbx,UpRightSequence
85_04.fbx,FancyFootWork
85_05.fbx,HandStandKicks
85_06.fbx,KickFlip
85_07.fbx,KickFlipStumble
85_08.fbx,Helicopter
85_09.fbx,motorcycle pose
85_10.fbx,EndofBreakDance
85_11.fbx,UpRightSequence
85_12.fbx,LongSequenceGood
85_13.fbx,BadStartSequnce
85_14.fbx,BreakSequencewithFlips
85_15.fbx,90TwistsFall
86_01.fbx,jumps kicks and punches
86_02.fbx,"walk, squats, run, stretch, jumps, punches, and drinking"
86_03.fbx,"walking, running, jumping, kicking, and stretching"
86_04.fbx,"walking, stretching, punching, chopping, and drinking"
86_05.fbx,"walking, jumping, jumping jacks,  jumping on one foot, punching, chopping,"
86_06.fbx,"walking, running, kicking, punching, knee kicking, and stretching"
86_07.fbx,"walking, swinging arms, stretching, jumping on one leg, and jumping"
86_08.fbx,"walking, squats, stretching, kicking, and punching"
86_09.fbx,"walking, sitting, looking, stand up"
86_10.fbx,"walk around, sit, stand up, and running"
86_11.fbx,"walking, stretching, walking and turning"
86_12.fbx,"walking, dragging, sweeping, dustpan, wipe window, and wipe mirror"
86_13.fbx,"walking around, walk up ladder, step down ladder"
86_14.fbx,"bouncing basketball, shooting basketball, dribble basketball, two handed dribble"
86_15.fbx,"walking, sitting, hand motions"
87_01.fbx,Jump with kick and spin
87_02.fbx,T-Pose
87_03.fbx,Backflip
87_04.fbx,backflip
87_05.fbx,cartwheels
88_01.fbx,backflip
88_02.fbx,"backflips, jump onto platform, handstands, vertical pushups"
88_03.fbx,motorcycle pose
88_04.fbx,"stretches, cartwheels, flips, spin kicks, spins, and fall"
88_05.fbx,cartwheel into backflip
88_06.fbx,jump and spin kick
88_07.fbx,cartwheel
88_08.fbx,crouch and flip backward on hands
88_09.fbx,stretch and cartwheel
88_10.fbx,stretch and spin
88_11.fbx,stretches and jumps
89_01.fbx,balance object on forehead
89_02.fbx,motorcycle pose
89_03.fbx,flip and stand on one hand
89_04.fbx,"spins, flips, stand on one hand"
89_05.fbx,"spin upside down, handstand, flips"
89_06.fbx,balance beam
90_01.fbx,bkwd summersult
90_02.fbx,cartwheel
90_03.fbx,cartwheel
90_04.fbx,cartwheel
90_05.fbx,jump kick
90_06.fbx,jump kick
90_07.fbx,jump kick
90_08.fbx,side flip
90_09.fbx,Flip forward onto hands and back again
90_10.fbx,90_10.amc
90_11.fbx,hand spring
90_12.fbx,bck flp twst fall
90_13.fbx,bck flp twst fall
90_14.fbx,front hand flip
90_15.fbx,front hand flip
90_16.fbx,fall on face
90_17.fbx,BannanaPeelSlip
90_18.fbx,RugPullFall
90_19.fbx,monkey backflip
90_20.fbx,monkey sequence
90_21.fbx,monkey sequence
90_22.fbx,straight walk
90_23.fbx,straight walk
90_24.fbx,ball mount
90_25.fbx,fwd ball walk
90_26.fbx,fwd ball walk
90_27.fbx,bwk ball walk
90_28.fbx,breakdance
90_29.fbx,sequesnce
90_30.fbx,russian dance
90_31.fbx,russian dance
90_32.fbx,moonwalk
90_33.fbx,arm up wide leg roll
90_34.fbx,wide leg roll
90_35.fbx,wide leg roll
90_36.fbx,wide leg roll
91_01.fbx,Walk digital figure eight
91_02.fbx,WalkStraight
91_03.fbx,Walk figure eight
91_04.fbx,Walking
91_05.fbx,Mummy Walk
91_06.fbx,Motorcycle Pose
91_07.fbx,mummy8
91_08.fbx,mummyDigital8
91_09.fbx,DrunkWalk
91_10.fbx,SlowWalk
91_11.fbx,LavishWalk
91_12.fbx,TooCoolWalk
91_13.fbx,SadWalk
91_14.fbx,DepressedWalk
91_15.fbx,ClumsyWalk
91_16.fbx,Limp
91_17.fbx,QuickWalk
91_18.fbx,CarefulWalk LookingAround
91_19.fbx,March
91_20.fbx,ShyWalk
91_21.fbx,acheyWalk
91_22.fbx,CasualQuickWalk
91_23.fbx,CoolWalk
91_24.fbx,HurtLegWalk
91_25.fbx,DragBadLegWalk
91_26.fbx,HurtStomachWalk
91_27.fbx,SlowWalk
91_28.fbx,GhettoWalk
91_29.fbx,NormalWalk
91_30.fbx,SexyWalk
91_31.fbx,NormalWalk
91_32.fbx,ScaredWalk
91_33.fbx,MachoWalk
91_34.fbx,NormalWalk
91_35.fbx,TrafficWalk
91_36.fbx,WalkStraight
91_37.fbx,Forward
91_38.fbx,SmallForward
91_39.fbx,JumpForward
91_40.fbx,JumpForward
91_41.fbx,JumpForward
91_42.fbx,JumpForward
91_43.fbx,JumpSmallForward
91_44.fbx,JumpSmallForward
91_45.fbx,JumpForward
91_46.fbx,Jump Turn
91_47.fbx,Jump Turn
91_48.fbx,JumpTurn
91_49.fbx,Jump Turn
91_50.fbx,JumpTurn
91_51.fbx,FurtherJumpTurn
91_52.fbx,SmallJumpTurn
91_53.fbx,180 degree jump
91_54.fbx,180
91_55.fbx,180
91_56.fbx,90
91_57.fbx,WalkForward
91_58.fbx,270
91_59.fbx,360 smallStumble
91_60.fbx,360
91_61.fbx,360
91_62.fbx,walkFigure8
93_01.fbx,Motorcycle Pose
93_02.fbx,rangeOfMotion
93_03.fbx,charleston_01
93_04.fbx,charleston_side_by_side_female
93_05.fbx,charleston_side_by_side_male
93_06.fbx,lindyHop2
93_07.fbx,Casual Walk
93_08.fbx,xtra fancY charleston
94_01.fbx,Unknown
94_02.fbx,Unknown
94_03.fbx,Unknown
94_04.fbx,Unknown
94_05.fbx,Unknown
94_06.fbx,Unknown
94_07.fbx,Unknown
94_08.fbx,Unknown
94_09.fbx,Unknown
94_10.fbx,Unknown
94_11.fbx,Unknown
94_12.fbx,Unknown
94_13.fbx,Unknown
94_14.fbx,Unknown
94_15.fbx,Unknown
94_16.fbx,Unknown
